Customer ID,Age,Annual Income,credit Score,Employment-Type,Education  Level,marital_status,city,customer_segment,loan_type,Loan Amount (INR),tenure Months,Monthly Visits,debt_to_income,Loan Approved?
CUST101160,37,297809,698,Self-Employed,12th,Married,Mumbai,Mass,Education,378342,60,3,0.258,No
CUST100077,36,1048283,874,Contract,Graduate,Single,Jaipur,PREMIUM,Auto,751792,48,11,0.558,Yes
CUST100317,55,1043481,661,Self-Employed,Postgraduate,Married,Kolkata,Affluent,Auto,892792,84,4,,Yes
CUST101041,54,369591,722,Salaried,Graduate,Single,Kolkata,Premium,Home,908250,84,10,0.356,Yes
CUST101358,27,666989,727,Self-Employed,Graduate,Married,Hyderabad,Mass,Education,386370,72,4,0.169,Yes
CUST100925,32,317590,690,Salaried,Graduate,M,Mumbai,Premium,Auto,235549,120,5,0.46,No
CUST100758,39,322966,707,Contract,Graduate,Married,Chennai,Mass,Personal,563319,24,7,0.323,No
CUST100793,54,999108,689,Salaried,Graduate,Divorced,Hyderabad,SME,Auto,767783,48,,0.233,Yes
CUST100965,65,478191,758,Contract,Graduate,Divorced,Bengaluru,premium,Auto,753872,72,5,0.375,No
CUST101198,67,1063307,774,SALARIED,Graduate,Married,Jaipur,Affluent,Home,549693,120,2,0.394,Yes
CUST101088,67,649824,759,Salaried,Postgraduate,Married,Bengaluru,Affluent,Home,230446,84,6,0.476,Yes
CUST100679,45,856826,662,Self employed,Postgraduate,Divorced,N/A,Affluent,Education,1412363,12,5,0.487,Yes
CUST100372,52,652659,849,Salaried,Diploma,Married,Kolkata,Premium,Home,316887,72,5,0.494,Yes
CUST101488,21,801951,752,Salaried,Postgraduate,Married,Delhi,Mass,Business,444292,36,1,0.364,Yes
CUST101158,60,1548824,698,Contract,Graduate,Married,Pune,SME,Home,333121,24,10,0.529,No
CUST101338,34,272618,740,Business,Graduate,Married,Bengaluru,Premium,Personal,200194,48,,0.564,0
CUST101002,55,332315,720,Self-Employed,,MARRIED,Chennai,Mass,Personal,188614,72,4,0.303,Yes
CUST100031,42,653583,651,Salaried,,Single,Mumbai,Mass,Education,180784,12,2,N/A,No
CUST100050,57,1457160,687,Business,12th,Divorced,Kolkata,Affluent,Home,258267,12,4,N/A,Yes
CUST100241,27,1412437,637,Business,Postgraduate,Married,Mumbai,Affluent,Education,752049,48,4,0.386,Yes
CUST100310,26,1073659,681,Salaried,Graduate,unknown,Kolkata,Affluent,Auto,911691,60,5,0.177,No
CUST100354,,302606,726,,Graduate,Single,Bengaluru,Mass,Auto,269320,84,6,0.353,No
CUST100125,61,692204,765,Business,Graduate,Married,Jaipur,Mass,Personal,298406,36,5,0.657,Yes
CUST100382,65,872829,,Self-Employed,Postgraduate,Married,Delhi,Mass,Personal,442006,72,3,0.234,No
CUST101023,61,828927,731,Salaried,Diploma,Divorced,Kolkata,Affluent,Home,154672,120,7,0.195,Yes
CUST100071,58,454340,743,Business,Graduate,Single,Jaipur,Premium,Business,1545154,72,3,0.333,Yes
CUST101126,60,244414,701,Self-Employed,Graduate,Married,Delhi,Affluent,Business,750870,24,unknown,0.485,No
CUST100705,twenty five,709105,673,Salaried,Postgraduate,Married,Bengaluru,Affluent,Business,401589,36,3,0.169,Yes
CUST100942,39,383334,749,Contract,Graduate,Married,Delhi,Affluent,Auto,557799,36,8,0.42,Yes
CUST100989,,650000 INR,778,Self-Employed,Graduate,Divorced,Pune,unknown,Home,1083921,48,5,0.4x,No
CUST100571,65,705165,807,Business,Graduate,Married,Delhi,Affluent,Personal,247744,60,5,0.231,Yes
CUST100893,45,unknown,815,Self-Employed,Postgraduate,Married,Pune,Affluent,Business,549241,24,4,-0.2,No
CUST100576,38,975358,757,Salaried,Graduate,Married,Hyderabad,Affluent,Business,289685,48,4,0.291,Yes
CUST100586,64,197598,722,Contract,Graduate,Single,Delhi,Premium,Home,453687,24,2,0.366,Yes
CUST101484,26,868938,667,Business,Postgraduate,Divorced,Hyderabad,Mass,Auto,,24,5,0.449,Yes
CUST101175,21,571974,751,SALARIED,12th,M,Kolkata,Mass,Education,500,120,5,0.397,Yes
CUST100622,43,798164,783,Contract,Postgraduate,Single,Bengaluru,Mass,personal loan,475340,120,6,0.287,No
CUST100670,27,418793,,Unknown,Graduate,Single,Jaipur,Mass,Business,400096,120,6,0.508,No
CUST101075,42,267183,679,Business,Graduate,Married,Pune,Mass,Home Loan,266734,72,3,0.533,Yes
CUST101306,52,320699,812,SALARIED,Postgraduate,Married,Jaipur,Affluent,Education,339986,84,6,1.2,Yes
CUST101199,58,558176,723,Business,Postgraduate,Single,Chennai,Affluent,Personal,1054028,24,3,0.112,Yes
CUST101081,64,,749,Self-Employed,Diploma,Single,Kolkata,Premium,Personal,254754,24,5,0.327,No
CUST100614,39,739976,653,Business,Diploma,Single,Pune,Mass,Business,561520,72,5,0.348,Yes
CUST100494,49,461493,644,Self-Employed,Graduate,Married,Pune,Mass,Home Loan,380343,48,7,0.079,Yes
CUST100355,66,419386,710,Salaried,Postgraduate,Married,Hyderabad,Mass,Business,335495,48,5,0.328,yes
CUST100262,29,311759,660,Business,Postgraduate,Married,Delhi,Affluent,Home,171792,12,8,0.653,Yes
CUST100060,53,347825,592,Business,Graduate,Married,Bengaluru,Mass,Personal,184642,120,2,0.228,Yes
CUST100598,57,778581,,,Graduate,Married,Kolkata,unknown,Home,352976,84,6,0.361,Yes
CUST101465,61,281894,650,Salaried,12th,Single,Delhi,Affluent,Auto,412166,48,8,0.164,Yes
CUST100979,37,282271,779,Salaried,Diploma,Married,Delhi,Mass,Auto,161926,36,2,0.538,Yes
CUST100260,48,1.2L,698,Self-Employed,Graduate,Married,Pune,Premium,Home,352996,72,5,0.381,No
CUST100839,21,958482,673,Business,Graduate,Single,Kolkata,Affluent,Business,904541,24,3,0.274,Yes
CUST101032,29,482933,712,Business,Postgraduate,Single,Bengaluru,Affluent,Home,450000 INR,84,5,0.741,Yes
CUST100400,35,₹720000,818,Self-Employed,12th,Married,Hyderabad,Mass,Home,869924,72,2,0.357,No
CUST101136,23,466307,547,Business,Postgraduate,Married,Jaipur,Affluent,Education,123020,36,3,0.317,Yes
CUST100721,27,472459,817,Contract,Diploma,Married,Mumbai,Premium,Auto,,72,1,0.361,No
CUST100052,30,1248126,647,Self-Employed,Graduate,Single,Bengaluru,Premium,Education,203649,36,6,0.02,Yes
CUST100276,43,769913,852,Salaried,Diploma,Married,Bengaluru,Affluent,Home,363928,120,10,0.291,No
CUST100345,63,477076,785,SALARIED,Graduate,MARRIED,Chennai,SME,Education,1575763,24,8,0.419,No
CUST100725,57,606581,707,,Graduate,Married,Chennai,Premium,Personal,200810,24,unknown,0.341,Yes
CUST100304,63,873682,603,Salaried,Postgraduate,Single,Chennai,Mass,Auto,200295,60,,0.258,Yes
CUST100757,55,1777657,666,Contract,Postgraduate,Single,Hyderabad,Premium,Education,900253,72,3,0.304,Yes
CUST100024,64,266201,773,Business,Post Graduate,Single,Jaipur,Mass,Home,284014,72,5,0.3,Yes
CUST100592,63,956390,692,Business,12th,Married,Mumbai,Mass,Business,713316,84,5,0.32,Yes
CUST100889,21,585510,635,Self-Employed,,Married,Hyderabad,Mass,Personal,340446,24,6,0.555,No
CUST100465,21,646689,623,N/A,12th,Married,Jaipur,SME,Home,188920,24,5,0.44,Yes
CUST101098,56,1017027,673,Business,Graduate,Married,Hyderabad,Affluent,Education,150841,36,4,0.552,Yes
CUST101135,49,816506,694,Contract,Graduate,Single,,SME,Home,N/A,60,8,0.259,Yes
CUST100454,22,402624,745,Business,Graduate,Married,Bengaluru,Affluent,Personal,564754,48,5,0.377,No
CUST100169,36,195617,785,Contract,Graduate,Single,Delhi,Mass,Education,548218,84,2,0.331,Yes
CUST100859,52,224564,637,Self-Employed,Postgraduate,Married,Kolkata,Mass,Education,311261,72,7,0.083,N
CUST100755,47,593126,722,Self-Employed,Graduate,Single,Chennai,Premium,Home,240992,60,3,0.619,Yes
CUST101166,25,738784,741,Business,Graduate,Married,Chennai,Mass,Personal,487324,12,4,0.233,No
CUST100362,62,604483,,Self-Employed,12th,Married,Pune,Affluent,Business,382571,72,,0.529,Yes
CUST100238,41,1907548,678,Business,Graduate,Single,Mumbai,Mass,Business,242378,72,0,,Yes
CUST101266,22,565569,782,Self-Employed,Diploma,Married,Kolkata,Mass,Auto,452295,84,7,0.418,Yes
CUST100793,54,999108,689,Salaried,Graduate,Divorced,Hyderabad,SME,Auto,767783,48,,0.233,Yes
CUST100439,24,200448,704,Self-Employed,Graduate,Single,Pune,Mass,Personal,133356,12,8,9,Yes
CUST101393,67,1006633,679,Contract,Postgraduate,Married,Mumbai,Mass,Education,161239,24,7,0.617,Yes
CUST100100,27,376172,698,Contract,12th,Married,Kolkata,Mass,Education,722975,24,5,0.246,Yes
CUST101371,62,713814,712,Salaried,12th,Single,Bengaluru,Affluent,Home,468593,72,9,0.238,Yes
CUST100830,22,785890,803,Salaried,Graduate,Married,Bengaluru,Affluent,Education,594864,84,3,0.287,Yes
CUST100608,45,303172,834,Self-Employed,Postgraduate,Single,Mumbai,Mass,Home,,36,five,0.308,Yes
CUST100068,38,589676,856,Business,Graduate,Single,Chennai,Affluent,Auto,162497,72,5,0.645,pending
CUST101115,30,858108,,Contract,12th,Married,Jaipur,Mass,Auto,708169,72,5,0.723,No
CUST100248,40,455192,797,Business,12th,Married,Jaipur,Premium,Personal,,36,4,0.354,Yes
CUST100136,35,654378,579,Contract,Diploma,Single,Pune,Mass,Home,717035,72,7,0.258,Yes
CUST101233,66,277079,835,Salaried,Postgraduate,Single,Bengaluru,Mass,Auto,557312,24,9,0.682,No
CUST100652,51,967727,673,Self-Employed,Graduate,Married,,Mass,Auto,,24,6,0.167,Yes
CUST100844,22,374838,726,Business,Diploma,Single,Jaipur,Mass,Personal,205859,72,11,0.457,No
CUST101373,42,692475,827,Business,Graduate,Married,Chennai,Mass,Education,,60,0,0.31,No
CUST100395,54,682626,600,Self-Employed,Diploma,Single,Jaipur,Affluent,Education,290225,12,-,0.357,1
CUST100124,43,621533,703,Business,Other,Single,Delhi,Mass,Personal,266448,12,4,0.368,Yes
CUST101331,42,939238,,self-employed,Graduate,Single,Chennai,Premium,Personal,69451,60,6,0.181,Yes
CUST100817,23,931317,724,Salaried,Postgraduate,Single,Bengaluru,Mass,Home,274209,24,7,0.241,No
CUST100426,30,905260,705,Business,Graduate,Married,Delhi,unknown,Education,191785,36,6,0.413,Yes
CUST101221,51,352537,838,Contract,Postgraduate,Married,Mumbai,Mass,Education,656093,48,10,0.048,Yes
CUST100644,43,983121,905,Contract,Graduate,Single,Jaipur,Mass,Personal,463446,120,4,0.177,Yes
CUST100768,43,650000 INR,813,Salaried,Graduate,Married,Bengaluru,Affluent,Business,608964,60,5,0.268,Yes
CUST100661,29,1170831,734,Salaried,Graduate,Married,Chennai,Mass,Auto,1193415,120,5,0.441,Yes
CUST101150,N/A,100,723,Self-Employed,12th,Married,,Mass,Education,454937,48,five,0.303,Yes
CUST101264,59,575928,796,,Diploma,Single,Mumbai,Mass,Business,650311,12,N/A,0.133,No
CUST100240,50,790630,596,Business,Graduate,Married,MUMBAI,Affluent,Education,538275,84,9,0.365,Yes
CUST101403,35,,660,Self-Employed,Graduate,Married,Delhi,Affluent,Home,,36,4,0.402,No
CUST100414,27,1261671,,Salaried,Postgraduate,Married,Chennai,Premium,Personal,508975,24,,0.276,Yes
CUST101409,21,796057,791,Contract,Graduate,Single,Hyderabad,Affluent,Auto,345847,48,4,0.158,Yes
CUST100968,35,732151,670,Salaried,Graduate,Single,Bengaluru,Affluent,Home,381057,120,6,0.352,Yes
CUST101108,unknown,1373619,719,Salaried,Graduate,Divorced,Chennai,Premium,Business,645003,36,4,0.553,No
CUST100535,,458878,782,Salaried,Diploma,Married,Mumbai,Mass,Auto,549385,36,7,0.279,No
CUST101328,24,825489,780,Unknown,Postgraduate,Single,Chennai,Affluent,Home,592930,36,4,0.558,Yes
CUST100030,41,423380,787,Business,Postgraduate,Married,Jaipur,Premium,Business,1266643,36,3,0.722,Yes
CUST101034,35,495450,775,Salaried,Postgraduate,Married,Pune,Mass,Auto,250114,72,3,0.02,Yes
CUST100343,50,522104,,Business,12th,Married,Jaipur,Affluent,Personal,1115775,84,3,0.193,Yes
CUST101055,,1112464,120,Salaried,Diploma,Married,Kolkata,Mass,Auto,427759,84,3,0.102,No
CUST101491,33,949904,744,Salaried,Graduate,Single,Jaipur,Mass,Home,371134,24,4,0.622,Yes
CUST100066,36,732446,738,Self-Employed,Postgraduate,Married,Pune,Mass,Business,813675,36,7,3.5,Yes
CUST101145,36,747039,745,Salaried,Graduate,Single,Jaipur,Mass,Auto,1127779,24,3,0.629,Yes
CUST100890,33,540637,665,Salaried,12th,Married,Jaipur,Affluent,Business,233375,84,4,0.416,No
CUST101179,33,523735,600,Business,Other,Married,Jaipur,Mass,Personal,573771,120,7,0.199,Yes
CUST101095,36,,782,self-employed,Postgraduate,Married,Bengaluru,Affluent,Home,225725,60,5,0.341,Yes
CUST101178,30,807886,699,Self-Employed,Graduate,Married,Mumbai,Affluent,Auto,784012,12,9,0.513,Yes
CUST100142,31,325274,653,Contract,Postgraduate,Married,Jaipur,Mass,Business,384748,12,6,0.215,No
CUST100655,46,642463,722,Salaried,Graduate,Married,Hyderabad,Mass,Home,233700,48,5,0.02,Yes
CUST101109,65,426853,999,Contract,Diploma,Married,Delhi,Affluent,PERSONAL,259649,12,10,0.334,Yes
CUST101432,29,923424,731,Contract,Other,Single,Jaipur,Affluent,Personal,137734,36,5,0.29,Yes
CUST100728,25,1345961,741,Contract,Graduate,Single,Delhi,Affluent,Auto,226098,48,2,0.282,Yes
CUST100276,43,769913,852,Salaried,Diploma,Married,Bengaluru,Affluent,Home,363928,120,10,0.291,No
CUST100406,44,570948,705,Business,Postgraduate,Married,Mumbai,Premium,Home,246164,120,5,0.608,No
CUST101044,38,391325,815,Contract,Postgraduate,Single,Jaipur,Premium,Home,713047,84,9,0.303,Yes
CUST101201,62,unknown,715,Self-Employed,Postgraduate,Married,Delhi,Mass,Auto,508715,72,4,0.426,No
CUST100630,38,616823,776,Contract,Graduate,Divorced,Hyderabad,Mass,Home,386738,72,5,,Yes
CUST101143,64,1280465,728,Business,Graduate,Married,Bengaluru,Mass,PERSONAL,384273,72,2,0.31,No
CUST101048,49,,713,Salaried,Postgraduate,Single,Bengaluru,Affluent,auto,301697,48,7,0.35,Yes
CUST100932,53,1197458,659,Contract,Graduate,Single,Jaipur,Premium,Education,333480,36,7,0.115,Yes
CUST101014,35,325324,769,Contract,Graduate,Married,Kolkata,Affluent,Business,361335,72,4,0.343,Yes
CUST100045,24,765518,745,Business,12th,Single,Kolkata,Premium,Education,423967,12,3,35%,No
CUST101281,55,523238,700,Self-Employed,Postgraduate,Married,Kolkata,Affluent,Business,259401,12,5,0.495,Yes
CUST100271,N/A,987167,766,salaried,Graduate,Married,Mumbai,Mass,Auto,1220256,72,6,0.444,Yes
CUST100887,23,829523,762,Self-Employed,Diploma,Married,Jaipur,Mass,Personal,479320,12,3,0.172,Yes
CUST100966,48,883839,630,Business,Postgraduate,Single,Kolkata,Premium,Personal,558029,48,7,0.596,Yes
CUST100116,47,423133,720,Contract,Graduate,Married,Pune,Affluent,Personal,673687,120,5,0.173,Yes
CUST101125,60,346551,624,Business,Graduate,Married,Chennai,Mass,Personal,414208,24,5,0.2,yes
CUST101008,44,504174,711,Business,12th,Single,,Mass,Personal,139598,48,3,0.252,Yes
CUST101478,105,654405,705,Self-Employed,Other,Single,Pune,Affluent,Business,307579,12,9,0.398,Yes
CUST100530,64,,761,Business,Diploma,Single,N/A,Affluent,Business,1182185,120,7,0.02,Yes
CUST100434,27,496439,664,Contract,Graduate,Single,Jaipur,Mass,Business,221024,120,5,0.399,Yes
CUST100417,66,669540,695,Self-Employed,12th,Married,Chennai,Premium,Business,215925,120,4,0.031,No
CUST100584,23,933390,654,Business,Postgraduate,Single,Bengaluru,Premium,Personal,305036,48,8,0.313,Yes
CUST100079,47,1063557,684,Self-Employed,Graduate,Single,Delhi,Mass,Business,"₹5,00,000",12,9,0.211,No
CUST101238,26,364920,657,Self-Employed,Diploma,Married,Jaipur,Affluent,Auto,1161362,72,4,0.236,Yes
CUST101417,50,732498,699,Salaried,Other,Married,Mumbai,Mass,Auto,1203320,60,7,,Yes
CUST101053,44,349048,704,Contract,Diploma,Single,Delhi,Mass,Education,386534,60,8,0.423,No
CUST101085,30,679463,N/A,Self-Employed,12th,Married,Bengaluru,unknown,Home,,72,five,0.313,Yes
CUST100462,27,979676,701,Contract,Postgraduate,Single,Kolkata,Affluent,Education,500606,48,6,0.4x,No
CUST101047,32,50,545,Contract,12th,Single,Mumbai,Affluent,Education,125019,84,7,0.424,Yes
CUST100016,57,701254,650,Self-Employed,Graduate,Single,Chennai,Mass,Business,N/A,48,7,0.317,Yes
CUST100583,26,872901,769,Self-Employed,12th,Married,Pune,Mass,Business,916271,60,4,0.292,Yes
CUST101362,24,782709,842,Salaried,12th,Married,,Premium,Personal,120000000,48,6,,No
CUST100176,42,1075623,643,Contract,Graduate,Married,Delhi,Premium,Auto,1107031,84,4,0.261,Yes
CUST100994,41,615633,651,Self-Employed,Graduate,Divorced,Hyd,Premium,Auto,353871,72,4,0.183,No
CUST101479,31,586223,649,Business,12th,married,Kolkata,High Value,Home,148740,36,5,0.683,Yes
CUST101390,63,719415,713,Self-Employed,Graduate,Married,Bengaluru,Affluent,Personal,220156,84,3,0.285,Yes
CUST101269,5,441402,721,Self-Employed,Graduate,Single,Jaipur,Affluent,Auto,598443,48,4,0.321,Yes
CUST100544,29,524443,770,Salaried,Postgraduate,Single,Kolkata,Mass,Education,,120,6,0.4,Yes
CUST100367,43,332247,720,,Post Graduate,married,Mumbai,Mass,Home,429047,72,3,0.445,No
CUST101174,29,230922,unknown,Business,Graduate,Single,Chennai,SME,Auto,219026,120,3,0.115,No
CUST100204,53,494070,688,Business,Postgraduate,Married,Bengaluru,Mass,Home,470904,24,5,0.464,Yes
CUST100782,50,481624,758,Contract,12th,Divorced,Pune,Affluent,Unknown,316929,60,4,0.495,Yes
CUST101097,60,894140,705,Salaried,Graduate,Married,Pune,Affluent,Auto,475217,60,8,0.402,Yes
CUST100987,49,522864,745,Contract,Postgraduate,Single,Jaipur,Mass,Business,939601,48,8,0.256,Yes
CUST101030,36,997790,727,Business,Postgraduate,Married,Mumbai,Mass,Auto,184445,36,5,0.165,Yes
CUST100813,53,1041152,639,Self-Employed,Graduate,Married,Jaipur,Premium,Personal,580697,120,6,0.408,No
CUST100917,46,278569,793,Business,Graduate,Divorced,Mumbai,Affluent,Education,,120,6,0.237,No
CUST101043,40,480359,,Self-Employed,Postgraduate,Single,Mumbai,Mass,Auto,688734,120,4,0.521,pending
CUST100185,44,482178,661,Business,Graduate,Single,Hyd,SME,Home,402043,24,7,0.094,Yes
CUST101435,36,723887,754,,Diploma,Divorced,Jaipur,Mass,Home,156463,12,7,0.416,No
CUST100483,32,795270,,Self-Employed,Diploma,Married,Hyderabad,Premium,Business,201546,36,8,0.383,Yes
CUST100057,46,384562,636,Salaried,Postgraduate,Divorced,Jaipur,Mass,Auto,445330,36,3,,Yes
CUST100999,66,869564,854,Self-Employed,12th,Married,Hyderabad,Affluent,Personal,623296,84,3,0.157,approved
CUST101197,54,483605,722,Contract,Diploma,Married,Chennai,Mass,Personal,722803,24,7,0.296,No
CUST100421,64,1483255,751,Contract,Post Graduate,Married,Hyderabad,Mass,Auto,2033263,72,3,0.134,Yes
CUST100044,37,N/A,703,Contract,Postgraduate,Married,Hyderabad,Premium,Auto,102753,36,6,0.296,Yes
CUST100951,25,622721,781,Salaried,Graduate,Single,Bengaluru,Premium,Education,955024,120,5,0.366,Yes
CUST100440,39,329140,743,Business,Graduate,Married,Bengaluru,Affluent,Business,431920,48,4,0.182,No
CUST100692,,1895511,832,Self-Employed,Graduate,Married,Jaipur,SME,Personal,518143,48,2,0.637,No
CUST100599,50,318667,762,Contract,Graduate,Single,Chennai,Mass,Education,572941,24,4,0.02,Yes
CUST100102,30,1296087,793,Self-Employed,Postgraduate,Single,Hyderabad,Premium,Education,412917,48,8,0.02,No
CUST100412,31,572892,654,Contract,Graduate,Divorced,Chennai,Affluent,Personal,265573,24,3,0.483,Yes
CUST101122,24,653437,762,Business,Diploma,Married,Chennai,Affluent,Auto,437318,36,,0.328,Yes
CUST100108,52,614322,806,Self-Employed,Postgraduate,Married,Kolkata,Mass,PERSONAL,663318,84,4,0.493,Yes
CUST101118,48,574094,745,Salaried,Postgraduate,Single,Jaipur,Affluent,Home,136116,12,0,0.455,Yes
CUST101229,28,427857,682,Business,Diploma,Married,Delhi,Mass,Education,867324,120,3,0.558,No
CUST100221,26,719492,719,Contract,Graduate,Married,Pune,Affluent,Home,113131,36,9,0.16,Yes
CUST101305,49,342717,658,Business,Graduate,Married,Chennai,Affluent,Education,545281,72,4,0.251,Yes
CUST101033,55,474335,628,,Postgraduate,Single,Chennai,Mass,Business,554267,60,2,0.352,No
CUST100825,50,1250902,727,,Diploma,Married,Pune,Affluent,Personal,374486,60,5,0.213,Yes
CUST100662,55,164151,770,Contract,Graduate,Married,Bengaluru,Premium,Education,1323107,24,3,0.288,Yes
CUST101406,28,713156,840,Self-Employed,Postgraduate,Single,Hyd,Premium,Education,129461,84,,0.308,No
CUST100129,48,462888,808,Contract,Graduate,Married,Chennai,Premium,Home Loan,1372192,60,-,0.509,Yes
CUST100333,35,685126,seven hundred,Business,Other,Single,Mumbai,Mass,Auto,,72,3,0.107,Yes
CUST100298,41,569936,804,Business,Graduate,Single,Mumbai,Affluent,Auto,381792,60,12,0.243,Yes
CUST101467,50,100,640,Contract,12th,Single,Jaipur,Affluent,Auto,1030464,120,4,0.422,Yes
CUST100708,47,,732,Business,Graduate,Single,Jaipur,SME,Personal,927815,60,10,0.325,Yes
CUST100366,45,534308,777,Contract,Graduate,Married,Pune,SME,Home,450000 INR,120,9,0.224,No
CUST100245,50,638984,671,Salaried,Graduate,Married,Mumbai,Affluent,Auto,314036,84,2,0.283,Yes
CUST100814,34,371614,737,Salaried,Graduate,Married,Delhi,Affluent,Auto,259227,72,4,0.4,Yes
CUST100665,49,280329,715,Salaried,Postgraduate,Single,Pune,Mass,Business,465753,120,7,0.268,Yes
CUST100850,49,303434,663,Salaried,Graduate,Married,Jaipur,Affluent,Education,248237,12,4,0.36,Yes
CUST100616,51,1586888,708,Contract,12th,Married,Delhi,Mass,Personal,461215,84,,0.401,Yes
CUST100603,55,643096,757,Business,Graduate,Married,Delhi,Mass,Auto,205066,24,5,0.728,Yes
CUST100232,61,807402,690,self-employed,Graduate,Single,Jaipur,Mass,Auto,391285,24,6,0.492,Yes
CUST100033,25,399311,,Business,12th,Married,Bengaluru,Affluent,Education,285506,84,7,0.216,Yes
CUST100975,27,356889,708,Business,12th,Single,Pune,SME,Business,640753,24,-,0.209,No
CUST100498,38,220760,725,Contract,12th,Single,Delhi,Premium,Personal,525934,12,5,0.175,Yes
CUST101246,67,820421,843,Salaried,Diploma,Married,Pune,Affluent,Education,455429,60,7,0.545,Yes
CUST101301,,650000 INR,670,Business,Postgraduate,Single,Delhi,Affluent,Auto,237877,84,3,0.119,Yes
CUST101317,54,520581,,,Graduate,Married,Hyderabad,Affluent,Auto,133731,60,5,0.139,Yes
CUST100352,23,380679,755,,Diploma,Married,Chennai,Affluent,Business,307410,24,4,0.524,Yes
CUST100495,34,182027,706,N/A,Postgraduate,Single,Hyderabad,Mass,Business,356296,84,4,0.324,Yes
CUST100964,31,1172173,750,Contract,Postgraduate,Divorced,Hyderabad,mass,Auto,1353211,48,7,0.373,No
CUST100539,46,1498176,762,,Postgraduate,Single,Jaipur,Affluent,Home,2137460,84,5,0.561,No
CUST101315,63,686476,744,Business,GRADUATE,Married,Bengaluru,Affluent,Education,388752,24,7,0.219,Yes
CUST100719,N/A,357187,690,Business,Diploma,Married,Delhi,Affluent,Business,656807,48,7,0.09,Yes
CUST100164,40,370342,683,Contract,Postgraduate,Married,Mumbai,Mass,Personal,190440,36,5,0.153,No
CUST100910,25,1.2L,738,Contract,12th,Married,Delhi,SME,Business,194903,12,3,0.459,Yes
CUST100501,26,636283,,Self-Employed,Postgraduate,unknown,Delhi,Premium,Business,1830516,60,6,0.424,Yes
CUST100307,35,228257,711,Self-Employed,postgraduate,Single,Hyderabad,Mass,Home,,60,8,0.403,No
CUST100669,64,763906,690,Salaried,Postgraduate,Married,Pune,Mass,Home,412123,36,5,0.551,Yes
CUST100673,50,500969,709,Salaried,Graduate,Married,Delhi,Affluent,Business,1486299,12,8,0.364,Yes
CUST100602,57,496613,734,Business,Postgraduate,Married,Bengaluru,Mass,Business,935694,12,1,0.183,No
CUST101028,,755671,631,Contract,Diploma,Married,Pune,Affluent,Business,254055,120,0,0.454,No
CUST101176,36,491670,752,Self-Employed,Diploma,Single,Mumbai,SME,Education,860688,36,,0.319,Yes
CUST101217,N/A,639695,,N/A,Postgraduate,Single,Pune,Affluent,Education,483098,24,7,0.514,Yes
CUST101089,51,100,652,Contract,Graduate,Married,Delhi,Affluent,Home,,72,7,0.272,Yes
CUST100193,49,848654,609,Salaried,Graduate,Single,Jaipur,Mass,Business,720675,48,4,0.411,Yes
CUST101214,61,1209373,722,Salaried,12th,Married,Bengaluru,Premium,Auto,"₹5,00,000",60,6,0.457,Yes
CUST101102,43,940306,696,Self-Employed,Graduate,M,Kolkata,Affluent,Education,pending,48,4,0.128,Yes
CUST101090,27,1030835,687,Salaried,Postgraduate,Single,Bengaluru,Affluent,Auto,417719,60,3,0.125,Yes
CUST100064,66,998441,732,Unknown,Graduate,Single,Mumbai,Mass,Business,537912,84,6,0.489,No
CUST100711,52,570736,669,Business,12th,Married,Delhi,Mass,Home,,120,5,0.143,Yes
CUST100883,42,1192672,763,Contract,Graduate,Single,mumbai,Affluent,Business,312556,60,6,0.323,Yes
CUST100934,51,540162,707,Contract,Graduate,Single,Bangalore,Mass,Home,701378,36,5,0.02,Yes
CUST100947,66,723772,661,Contract,Post Graduate,Married,Hyderabad,Premium,Education,996879,84,4,0.523,No
CUST100915,48,744599,682,Contract,Graduate,Single,Bengaluru,Mass,Business,393834,12,9,0.436,Yes
CUST100275,40,616649,783,Contract,Graduate,Divorced,N/A,Mass,Auto,231853,72,3,0.269,Yes
CUST100619,23,2387806,789,Contract,Post Graduate,Single,Chennai,unknown,Education,725288,36,4,0.523,Yes
CUST101470,23,,799,Salaried,Graduate,Married,Jaipur,Mass,Auto,685631,72,3,0.098,No
CUST100863,26,846466,729,Self-Employed,Graduate,Single,Kolkata,Mass,Auto,276657,12,6,0.548,No
CUST100199,36,1250649,753,Salaried,Postgraduate,Married,Bengaluru,mass,Personal,,72,,0.574,Yes
CUST100809,39,650000 INR,663,,Other,Single,Chennai,Premium,Auto,596623,120,5,0.02,Yes
CUST100340,65,,807,Salaried,Graduate,Married,Hyderabad,Affluent,Education,352716,24,unknown,0.472,Yes
CUST101363,37,373608,720,Contract,Graduate,Single,Mumbai,Premium,Home,435748,84,-,0.137,No
CUST101392,45,824863,668,Business,Graduate,Married,,Mass,Home Loan,,36,6,0.189,Yes
CUST100272,22,1322163,671,Salaried,Diploma,Married,Pune,Affluent,Education,1058781,60,8,0.567,Yes
CUST100579,62,372929,751,Salaried,Postgraduate,Single,Hyderabad,Mass,Education,,120,5,0.142,Yes
CUST100219,42,1020769,777,Self employed,Graduate,Married,Kolkata,Premium,Home,345358,48,6,0.446,No
CUST100491,64,994875,712,Salaried,12th,Married,Jaipur,Affluent,Home,312046,12,8,0.433,Yes
CUST101241,44,,721,Business,12th,Single,Bengaluru,Affluent,Education,100,72,3,0.216,Yes
CUST100436,26,685444,679,Contract,Diploma,Married,Delhi,Mass,Home,"₹5,00,000",48,4,0.258,Yes
CUST100353,35,582257,806,Salaried,Graduate,Single,Mumbai,Mass,Home,456757,72,,0.446,Yes
CUST101035,24,1101672,692,Unknown,12th,Married,Kolkata,Mass,Home,360292,120,5,0.388,Yes
CUST101377,66,987293,688,Salaried,Graduate,Single,Chennai,Mass,Education,652615,72,4,0.415,Yes
CUST100325,66,450815,712,Salaried,Postgraduate,Married,Pune,Affluent,Personal,1423839,84,1,0.476,Yes
CUST100416,52,,790,Business,Graduate,MARRIED,Delhi,Affluent,Business,216767,48,7,0.254,Yes
CUST100715,105,728296,668,Salaried,12th,Married,Jaipur,SME,Personal,317698,48,4,0.186,Yes
CUST101302,39,,718,Business,Postgraduate,Single,Chennai,SME,Personal,593812,84,7,0.282,No
CUST100552,39,1303304,751,Business,Postgraduate,Single,Hyderabad,Mass,Personal,1706070,24,7,0.193,Yes
CUST100713,55,428478,788,Self-Employed,Postgraduate,Married,Pune,Premium,Auto,334427,48,4,0.42,Yes
CUST100650,60,1030270,750,Business,Graduate,Single,Hyderabad,Affluent,Personal,185431,72,2,0.203,No
CUST100423,57,248696,655,Contract,N/A,Single,Chennai,Mass,Auto,238268,24,8,0.533,No
CUST100290,43,779628,696,Contract,Graduate,Divorced,Mumbai,Affluent,Business,519725,120,3,0.477,Yes
CUST100766,57,440724,,Self-Employed,,Married,Mumbai,Affluent,Home,N/A,72,6,0.02,1
CUST100651,43,314156,601,Salaried,12th,Married,Hyderabad,Affluent,Auto,1295129,60,7,0.413,Yes
CUST100568,32,642791,712,Salaried,Postgraduate,Single,Jaipur,Mass,Education,331261,84,5,0.51,No
CUST101180,22,387850,684,Salaried,Postgraduate,Single,Chennai,Affluent,Personal,503392,24,4,0.267,pending
CUST101346,67,598241,819,Contract,Graduate,Single,Delhi,Mass,Business,505896,12,6,0.166,Yes
CUST101005,27,1116666,731,Salaried,Graduate,Single,Mumbai,Affluent,Personal,162385,84,5,0.369,Yes
CUST100278,57,688929,579,Contract,Graduate,Married,Mumbai,Premium,Personal,142555,24,1,0.121,Yes
CUST101194,54,160250,,Self-Employed,Graduate,Married,Jaipur,Affluent,Auto,1490266,36,4,3.5,Yes
CUST100506,42,835866,692,Contract,Graduate,Single,Hyderabad,Affluent,Business,N/A,24,2,0.552,Yes
CUST100237,52,515243,777,Self-Employed,Other,Divorced,Hyderabad,SME,Personal,194043,12,6,0.193,Yes
CUST100618,33,891369,729,Self-Employed,Graduate,Married,Pune,Mass,Auto,583571,72,9,0.147,Yes
CUST101000,45,341910,777,Business,Graduate,Married,Mumbai,Premium,Auto,298093,36,3,0.271,NO
CUST101481,28,501697,712,Salaried,Graduate,Married,Hyderabad,Mass,Personal,328807,120,7,0.331,Yes
CUST100463,56,442690,777,Business,Postgraduate,Single,Delhi,Mass,Education,824759,120,5,0.411,Yes
CUST100933,33,840835,741,Business,Diploma,Single,,SME,Home,110749,60,8,0.477,Yes
CUST100209,33,581426,714,Salaried,Graduate,Married,Bengaluru,Affluent,personal loan,1081811,60,9,0.469,Yes
CUST100383,65,,,Business,Graduate,Married,Hyderabad,Premium,Personal,858508,24,6,0.486,Yes
CUST100900,49,451277,638,Salaried,Graduate,Single,Mumbai,Affluent,Business,1862201,60,3,0.243,Yes
CUST100381,21,1118138,681,Contract,Diploma,Single,Kolkata,PREMIUM,Education,pending,60,8,0.325,No
CUST100059,55,50,681,Business,Graduate,Married,Hyderabad,SME,Auto,276229,72,N/A,0.473,Yes
CUST100835,61,335806,687,Contract,,Single,Bengaluru,SME,Education,481189,120,10,0.439,Yes
CUST101024,60,,731,Contract,Diploma,Married,Bengaluru,Affluent,Business,238027,84,5,0.748,No
CUST100433,59,740883,,Self-Employed,Graduate,Divorced,Delhi,Affluent,Personal,460715,36,5,0.322,No
CUST101464,23,401751,687,Salaried,Other,Single,Chennai,Mass,Auto,634741,84,9,0.136,Yes
CUST101220,41,442392,250,Business,Diploma,Married,Delhi,Affluent,Auto,50000000,72,9,0.275,Yes
CUST100745,58,1044693,0,Business,postgraduate,Married,Bengaluru,Affluent,Auto,,36,3,0.261,No
CUST101240,22,490619,763,Salaried,Postgraduate,Married,Delhi,Affluent,Personal,367101,60,6,0.295,No
CUST101086,60,258510,747,Contract,Diploma,Married,Jaipur,Affluent,Business,245820,12,6,0.212,Yes
CUST100502,51,1207664,795,Contract,Postgraduate,Married,Chennai,Premium,Home,1785635,84,4,0.501,No
CUST100612,42,,776,Contract,Graduate,Single,Bengaluru,Premium,Home,1426878,60,5,0.382,No
CUST100514,59,677558,686,Business,Graduate,married,Chennai,Mass,Personal,895787,84,3,0.479,No
CUST101183,53,868165,671,Self-Employed,Graduate,Married,Bengaluru,Premium,Education,876046,12,7,0.065,No
CUST100847,28,371855,731,Business,Graduate,Single,Delhi,SME,Auto,824816,24,3,0.226,No
CUST100456,47,301531,738,Salaried,Graduate,Single,Pune,Mass,Business,695043,48,7,0.385,No
CUST100234,56,650000 INR,664,Contract,Postgraduate,Married,Pune,Mass,Personal,879073,84,6,0.383,Yes
CUST100977,25,519779,634,Self-Employed,Graduate,Single,Kolkata,Mass,Auto,156056,12,6,,Yes
CUST100197,42,1.2L,669,Business,Postgraduate,Single,Bengaluru,Affluent,Personal,765012,60,8,0.341,Yes
CUST100846,105,479269,715,Self-Employed,Graduate,Married,Pune,Affluent,Home,1894157,60,1,0.38,Yes
CUST101347,61,1032725,759,Self-Employed,12th,Married,Bengaluru,Affluent,Personal,429371,72,7,0.468,Yes
CUST100082,41,386371,660,Business,,Single,Delhi,Mass,Home,637992,84,4,0.185,No
CUST101439,35,899793,659,Salaried,Graduate,Married,Kolkata,Premium,Education,492370,84,3,0.555,Yes
CUST100375,62,474407,615,Salaried,Postgraduate,Married,Bengaluru,Affluent,Home,333254,84,6,0.325,Yes
CUST101207,,491311,739,Self-Employed,12th,Single,Delhi,Premium,Education,1037576,36,3,0.318,Yes
CUST100112,57,1375349,619,Business,12th,Single,Delhi,Mass,Personal,218194,60,4,0.292,No
CUST101309,40,717354,619,Business,Graduate,Single,Bengaluru,Mass,Education,423963,84,4,0.539,Yes
CUST100811,23,848564,709,Salaried,Diploma,Single,Chennai,Affluent,Business,281188,60,7,,Yes
CUST101059,40,379436,667,Self-Employed,Graduate,Married,Bengaluru,Mass,Auto,245193,36,6,0.5,Yes
CUST100744,33,810484,669,Business,Postgraduate,Married,Hyderabad,Mass,Home,489873,84,3,0.421,Yes
CUST101485,40,1092019,747,Self-Employed,GRADUATE,Married,Hyderabad,Mass,Auto,442068,48,4,0.198,Yes
CUST100678,24,595483,720,Self-Employed,Diploma,Single,Delhi,Affluent,Business,683291,12,4,0.248,Yes
CUST100311,52,,786,Salaried,Graduate,Single,Delhi,Affluent,Auto,,72,-5,0.629,Yes
CUST100615,53,792125,746,Self-Employed,Postgraduate,Single,Hyderabad,Affluent,Auto,344087,12,2,0.333,No
CUST100507,,25000000,659,Self-Employed,Graduate,Divorced,Kolkata,SME,Education,347305,48,6,0.331,No
CUST100862,64,603967,646,Contract,Graduate,Single,Jaipur,Mass,Personal,171598,72,6,0.171,Yes
CUST100452,64,260101,804,Business,Diploma,Married,Mumbai,Mass,Education,645078,84,4,0.289,Yes
CUST101138,38,1072738,682,Salaried,Diploma,Married,Chennai,Affluent,Education,1737074,60,4,0.431,Yes
CUST100351,46,,856,Salaried,Graduate,Single,Bengaluru,Affluent,Home,91808,12,5,0.581,Yes
CUST100368,42,309833,802,Contract,Postgraduate,Single,Mumbai,Mass,Home,353192,72,6,0.283,1
CUST101226,66,273582,695,Business,Postgraduate,Single,Pune,SME,Education,262325,24,5,0.388,No
CUST101050,26,2503802,664,Contract,Graduate,Married,Mumbai,SME,Business,223361,36,10,0.478,Yes
CUST100428,58,540521,683,Salaried,Graduate,Divorced,Hyderabad,Premium,Personal,388648,84,2,,Yes
CUST100359,25,490493,794,Self-Employed,12th,Single,Mumbai,Affluent,Education,331633,24,5,0.432,Yes
CUST101314,61,537245,737,Contract,Postgraduate,Single,Mumbai,Mass,Unknown,370101,120,5,,No
CUST100471,55,1355907,636,Business,Graduate,Single,Kolkata,Premium,Home,156009,72,4,0.366,Yes
CUST100998,37,504379,790,Salaried,Postgraduate,unknown,Mumbai,Mass,Education,500,84,9,0.285,Yes
CUST100949,65,744201,658,Contract,Graduate,Married,Delhi,Mass,Home,534540,48,4,0.335,Yes
CUST100561,46,1152754,808,Salaried,Diploma,Married,Chennai,Mass,Business,776241,72,3,0.652,No
CUST101459,33,,672,Salaried,Graduate,Married,Bengaluru,PREMIUM,Personal,893436,72,10,0.553,Yes
CUST100707,21,965549,765,N/A,12th,Married,Jaipur,Mass,Personal,963838,48,3,0.097,No
CUST100786,48,825804,686,,12th,Married,Jaipur,Mass,Business,1487501,24,3,0.564,No
CUST101255,51,341587,634,Business,Graduate,Single,Mumbai,Mass,Education,483070,24,6,0.435,No
CUST100255,52,402265,120,Business,Diploma,Married,,Mass,Home,,36,9,0.376,Yes
CUST100323,49,908945,695,Salaried,Graduate,Married,Kolkata,Premium,Education,,48,7,,Yes
CUST101119,54,,648,Self-Employed,12th,Single,Bengaluru,Premium,Business,559466,36,5,unknown,No
CUST101103,64,1168413,725,Business,postgraduate,Single,Bengaluru,Affluent,Personal,861954,72,5,0.167,No
CUST100775,60,548527,685,Contract,Diploma,Married,Mumbai,Mass,Education,280348,120,4,0.355,Yes
CUST100694,65,1190611,576,Self-Employed,Postgraduate,Single,Delhi,Premium,auto,332930,84,3,0.375,Yes
CUST100562,23,229310,674,Business,Graduate,Single,Delhi,Mass,Business,134558,24,6,0.338,No
CUST101236,37,397501,663,Business,Graduate,Married,Hyderabad,Mass,Education,277885,24,7,0.397,Yes
CUST100472,58,1054242,651,Salaried,Postgraduate,Married,Bengaluru,Premium,Education,874593,60,9,0.331,Yes
CUST100888,N/A,713868,,Self-Employed,Other,Married,Mumbai,Affluent,Education,342038,60,3,0.222,Yes
CUST100087,25,610027,835,Business,Graduate,Married,Hyderabad,Affluent,Education,754231,48,2,0.425,No
CUST101456,24,666332,837,Business,Graduate,Single,Hyderabad,Affluent,Personal,270146,36,9,0.427,Yes
CUST100266,48,880353,708,Salaried,Postgraduate,Married,Chennai,Premium,Education,406409,12,1,0.295,Yes
CUST100288,47,542967,737,Self-Employed,Graduate,Single,Bengaluru,Mass,Personal,915048,24,5,0.515,Yes
CUST100965,65,478191,758,Contract,Graduate,Divorced,Bengaluru,premium,Auto,753872,72,5,0.375,No
CUST100527,,100,unknown,Contract,Graduate,Single,,Affluent,Education,284088,12,1,0.283,Yes
CUST101157,26,922687,754,Business,Diploma,Married,Hyderabad,Mass,Personal,247608,36,5,0.472,Yes
CUST100553,59,542940,700,Salaried,12th,Single,Pune,Mass,Personal,218661,36,8,0.417,Yes
CUST100635,29,1628135,N/A,Self-Employed,,Single,Pune,Mass,Home,432375,12,5,0.103,Yes
CUST100760,55,1474069,858,,Graduate,Married,Bengaluru,Mass,Auto,367688,12,5,0.404,Yes
CUST100222,12,,750,Business,Graduate,Married,Chennai,Affluent,Auto,491207,60,4,0.238,No
CUST100114,42,541674,713,Self-Employed,,Divorced,Pune,Mass,Business,273522,12,4,0.489,Yes
CUST101426,59,465786,,SALARIED,12th,Married,Chennai,SME,Business,1373236,120,2,0.432,Yes
CUST101446,,1182793,617,Business,Postgraduate,Single,Chennai,Mass,Auto,400749,120,5,0.559,Yes
CUST100175,,559663,660,Contract,12th,Married,Delhi,Mass,Home,935117,12,8,0.384,No
CUST100555,67,481855,688,Self-Employed,Postgraduate,Single,Chennai,Mass,Personal,69314,84,7,0.14,Yes
CUST100384,32,834147,728,Self-Employed,12th,Married,Chennai,Affluent,Home,635526,24,3,0.388,Yes
CUST101205,51,633034,889,Contract,12th,Married,Hyd,Mass,Auto,654316,24,4,0.18,Yes
CUST100019,60,298698,659,Contract,Graduate,Married,mumbai,Mass,Personal,639412,48,7,0.369,Yes
CUST101234,56,474884,,Salaried,12th,Single,Mumbai,SME,Home,639162,72,3,0.401,Yes
CUST100286,65,765304,772,Self-Employed,Graduate,Married,Mumbai,premium,Auto,450000 INR,72,12,0.488,No
CUST101186,35,372313,638,Contract,Diploma,Married,Hyderabad,premium,Business,1266055,72,6,0.29,No
CUST100723,60,₹720000,717,Self-Employed,Diploma,Married,Kolkata,Mass,Business,1141845,120,6,0.148,Yes
CUST101226,66,273582,695,Business,Postgraduate,Single,Pune,SME,Education,262325,24,5,0.388,No
CUST100032,31,563026,710,Business,Postgraduate,Single,Hyderabad,Mass,Auto,400129,12,0,0.416,Yes
CUST100572,40,526487,708,Contract,12th,Single,Hyderabad,Mass,Personal,378286,36,1,0.161,Yes
CUST100211,33,651880,621,Contract,Postgraduate,Married,Jaipur,Mass,Business,50000000,72,3,0.252,No
CUST100924,27,887316,731,Contract,Graduate,Divorced,Chennai,Mass,Education,314519,48,8,0.271,No
CUST101007,60,413856,658,Salaried,Graduate,Single,Hyderabad,Affluent,Personal,2107114,84,3,0.229,Yes
CUST100482,59,514708,646,Self-Employed,12th,Married,Jaipur,Mass,Auto,1509836,12,4,0.334,No
CUST100842,51,695156,727,Salaried,Diploma,Married,Jaipur,Mass,Personal,158632,60,12,0.212,Yes
CUST101107,-3,982428,,Business,Graduate,Married,Mumbai,SME,Auto,N/A,72,1,0.249,Yes
CUST101079,40,495965,688,Contract,Postgraduate,Married,Pune,Affluent,Auto,182779,84,4,0.387,Yes
CUST101091,44,254581,684,Business,Graduate,Married,Pune,Premium,Home,,12,5,0.526,Yes
CUST101437,41,762489,701,Salaried,12th,Single,Delhi,Affluent,Home,218131,48,4,0.344,No
CUST100189,32,672185,568,Business,Graduate,Single,Kolkata,Affluent,Home,381678,24,3,0.385,Yes
CUST101170,64,843487,683,Contract,Postgraduate,Single,Chennai,Affluent,Business,572431,24,5,,Yes
CUST100974,43,503544,642,Business,Graduate,Single,Pune,SME,Home,876120,24,3,0.371,Yes
CUST101031,43,448186,786,Salaried,Graduate,Single,Jaipur,Affluent,Business,480185,24,5,0.02,Yes
CUST101428,63,1018948,691,Salaried,Postgraduate,Single,Pune,Mass,Business,1248765,120,3,0.255,Yes
CUST101279,21,503799,701,Business,Graduate,Married,Delhi,Premium,Education,882943,72,0,0.386,Yes
CUST100939,42,932468,625,Business,Graduate,Married,Delhi,Affluent,Personal,951688,24,6,0.079,No
CUST100084,60,779792,688,Salaried,Graduate,Single,Pune,Affluent,Home,606616,60,6,0.161,No
CUST101114,34,793131,690,Contract,Postgraduate,Married,Delhi,Mass,Education,253794,24,6,,Yes
CUST100049,52,351654,seven hundred,Self-Employed,Graduate,Divorced,Delhi,Premium,Personal,267292,72,6,0.432,Yes
CUST101142,36,386202,575,,graduate,Married,Delhi,Mass,Home,N/A,24,2,0.096,No
CUST100156,52,253877,564,Contract,Postgraduate,Married,Hyderabad,Affluent,Home,421927,84,8,0.124,No
CUST100430,54,1065784,863,Salaried,Postgraduate,Single,Hyderabad,Affluent,Home Loan,530332,72,4,0.178,Yes
CUST101168,39,715368,684,Salaried,12th,Married,Chennai,Mass,Education,813609,72,5,0.539,Yes
CUST100427,61,815706,817,Contract,Graduate,M,Pune,Affluent,Education,206622,12,4,N/A,NO
CUST101162,44,1286375,735,Salaried,Graduate,Single,Hyderabad,Affluent,Education,626572,36,80,0.343,Yes
CUST100840,63,606063,695,Business,Graduate,Married,Kolkata,Mass,Education,323368,72,5,0.482,NO
CUST101260,58,,716,Contract,Graduate,Married,Chennai,Mass,Home,236927,120,6,0.424,No
CUST100993,30,884169,759,Self-Employed,Postgraduate,Single,Kolkata,Mass,Business,608754,12,2,0.411,No
CUST101191,40,446913,579,Business,Other,Single,,Mass,Education,264020,72,0,0.31,Yes
CUST100180,44,311022,751,Self-Employed,Diploma,Married,Hyderabad,SME,Education,,72,5,0.366,No
CUST100429,22,1060095,733,Contract,Graduate,Married,Bengaluru,Mass,Business,399674,120,5,0.355,Yes
CUST101278,57,₹720000,782,Self-Employed,Postgraduate,Married,Mumbai,Premium,Personal,978282,24,3,0.288,Yes
CUST100480,26,391113,662,Salaried,12th,Single,Bengaluru,Affluent,Education,,36,4,0.311,No
CUST100536,28,480727,641,Salaried,Graduate,Married,Jaipur,Mass,Personal,,60,6,0.544,Yes
CUST101112,31,,713,Business,Postgraduate,Married,Jaipur,Affluent,Personal,534705,48,3,,Yes
CUST100364,62,669608,736,Contract,Graduate,Single,Hyderabad,Mass,Home,480466,48,6,0.183,Yes
CUST101206,63,366729,738,Salaried,Diploma,Married,Chennai,Mass,Home,590473,72,2,0.24,No
CUST101228,67,420146,776,Self-Employed,Graduate,Divorced,Jaipur,Premium,Personal,1473636,24,3,0.215,Yes
CUST100347,67,388553,727,Self-Employed,12th,Married,Kolkata,Mass,Auto,547677,72,3,0.366,No
CUST101436,25,867342,737,Business,Other,Married,Chennai,Affluent,Business,510106,72,6,0.108,Yes
CUST100479,52,1325750,739,self-employed,Graduate,Single,Hyderabad,Mass,PERSONAL,147457,24,4,0.427,No
CUST100944,,1540944,seven hundred,Self-Employed,Graduate,Married,Jaipur,Mass,Personal,141388,24,5,0.264,Yes
CUST100683,66,589349,778,Contract,Postgraduate,Single,Kolkata,Mass,Auto,634091,12,3,0.285,Yes
CUST101325,61,335285,698,Contract,Graduate,Single,Kolkata,SME,Education,136044,24,5,0.37,No
CUST100611,60,263891,658,Contract,Diploma,Married,Delhi,Mass,Business,237023,72,2,0.347,No
CUST100589,60,171320,732,Business,12th,Single,Delhi,Mass,Education,801497,72,3,0.309,No
CUST100894,67,674991,763,Business,Graduate,Married,Hyderabad,Mass,Home,177851,36,4,0.463,Yes
CUST100244,,616651,641,Salaried,Postgraduate,Single,Jaipur,Affluent,Education,817702,12,6,0.629,Yes
CUST100837,58,458170,688,Business,Postgraduate,Single,Delhi,Affluent,Auto,332882,48,6,0.168,No
CUST100591,58,368917,676,Self-Employed,Postgraduate,Single,Bengaluru,Mass,Auto,pending,60,7,0.334,Yes
CUST101253,24,683498,783,Salaried,Diploma,Married,Bengaluru,Affluent,Personal,651871,84,3,0.622,Yes
CUST100794,59,249183,722,Business,12th,Divorced,Hyderabad,Mass,Auto,674690,12,2,0.361,Yes
CUST100927,46,613863,767,Business,Graduate,Married,Delhi,Premium,Education,494394,36,9,0.461,Yes
CUST101405,29,641317,711,Salaried,Graduate,Married,Hyderabad,mass,Auto,1560080,72,4,0.441,Yes
CUST101455,47,763408,631,Business,Diploma,Married,Mumbai,Mass,Home,679113,72,3,0.469,Yes
CUST100567,31,343883,716,Self-Employed,Postgraduate,Married,mumbai,Premium,Education,209360,60,,0.381,Yes
CUST100309,35,648556,782,Business,Graduate,Single,Chennai,Affluent,Education,414520,48,6,,Yes
CUST100431,24,710039,649,Self-Employed,Graduate,Married,Bengaluru,Mass,Business,692521,72,3,0.442,Yes
CUST100918,57,1.2L,781,Business,,Married,Bengaluru,Mass,Auto,260512,72,2,0.541,No
CUST100399,34,769660,667,Salaried,Graduate,Married,Mumbai,Mass,Home,320241,120,7,0.174,Yes
CUST100424,48,500822,656,Salaried,12th,Married,Jaipur,Mass,Home,496054,48,8,0.387,Yes
CUST100371,36,488261,663,Business,Postgraduate,Married,Mumbai,Affluent,Education,718354,120,5,0.221,Yes
CUST100055,44,653771,,Self-Employed,Graduate,Married,Pune,Premium,Personal,415384,60,4,0.242,Yes
CUST101133,58,563006,766,Salaried,,married,Jaipur,Mass,Personal,798590,24,3,0.475,Yes
CUST100577,64,1.2L,720 points,Salaried,Postgraduate,Married,Hyderabad,Mass,Home,,12,5,0.214,Yes
CUST100590,60,550134,630,Business,12th,Single,Kolkata,Mass,Education,267471,84,5,0.388,Yes
CUST100313,26,511219,,Contract,Postgraduate,Married,Chennai,Affluent,Personal,,60,3,0.598,No
CUST100959,66,,754,Contract,Other,Divorced,Kolkata,Affluent,Home,806082,12,8,0.247,Yes
CUST101381,67,735219,775,Salaried,Graduate,Single,Kolkata,Premium,Home,,120,7,0.316,Yes
CUST100110,,180190,777,Salaried,12th,Married,Delhi,SME,Auto,218760,24,3,0.401,Yes
CUST100487,36,461762,740,Self-Employed,Graduate,Married,Jaipur,Affluent,Auto,936416,120,5,0.485,Yes
CUST101409,21,796057,791,Contract,Graduate,Single,Hyderabad,Affluent,Auto,345847,48,4,0.158,Yes
CUST100101,60,515933,741,Salaried,Graduate,Single,Bengaluru,Affluent,Home,977461,120,7,0.483,No
CUST100486,31,470290,,Business,Graduate,Married,Chennai,Mass,Education,229724,12,3,0.399,No
CUST100695,25,1253341,737,Business,Graduate,Single,Mumbai,Mass,Auto,334591,36,8,0.271,Yes
CUST101410,,1085541,754,Business,Diploma,Single,Hyderabad,Mass,Education,297224,60,5,0.208,No
CUST100267,42,331267,722,Self-Employed,Diploma,Single,Hyderabad,Mass,Education,484319,72,4,,Yes
CUST101335,46,775005,772,Contract,Postgraduate,Single,Bengaluru,Mass,Home,204197,60,9,0.238,Yes
CUST100297,60,666484,716,Salaried,Graduate,Married,hyderbad,SME,Education,418944,12,6,0.277,Yes
CUST100549,45,888107,766,Self-Employed,Postgraduate,Single,Pune,Mass,Business,492562,24,3,0.283,Yes
CUST101321,26,1012157,726,Self-Employed,Graduate,Divorced,Bengaluru,Mass,Business,504861,48,3,0.182,Yes
CUST100866,53,298549,761,,Diploma,Married,Kolkata,Mass,Auto,1133485,72,5,0.108,Yes
CUST100988,35,736331,735,Self-Employed,Postgraduate,Divorced,Pune,Mass,Home,756243,48,3,0.499,No
CUST100378,56,824156,733,Salaried,Postgraduate,Married,Mumbai,Mass,Auto,1014401,120,4,0.095,Yes
CUST100287,28,896601,809,Salaried,Postgraduate,Married,Jaipur,Affluent,Business,665385,72,4,0.342,Yes
CUST101474,30,661585,633,Self-Employed,Graduate,Single,Hyderabad,Mass,Education,146511,36,4,0.326,Yes
CUST100756,41,601141,735,Contract,Graduate,Single,MUMBAI,Affluent,Personal,1765675,24,5,0.346,Yes
CUST100127,24,2989383,704,Salaried,Diploma,Married,Mumbai,Affluent,Business,333461,12,5,0.45,Yes
CUST100328,22,843380,840,Contract,12th,Single,Bengaluru,Mass,Education,528778,12,4,0.37,No
CUST100293,65,511125,728,,Diploma,Married,Jaipur,Mass,Business,789274,48,2,0.375,Yes
CUST101019,22,438557,771,Self-Employed,Graduate,Married,Hyderabad,Affluent,Home,158408,84,-5,0.317,No
CUST100753,25,645828,,Self-Employed,Graduate,Married,Kolkata,Premium,PERSONAL,586581,24,4,,Yes
CUST100585,39,,662,self-employed,N/A,Married,Hyderabad,Affluent,Home,380177,36,6,0.456,No
CUST100356,67,724752,739,Self-Employed,Graduate,Married,Kolkata,SME,Education,1487484,24,9,0.108,Yes
CUST101250,66,952713,773,Contract,Diploma,Single,Kolkata,Mass,Education,384817,48,7,0.504,Yes
CUST100171,25,435770,,Self-Employed,Graduate,Single,Hyderabad,Mass,Personal,269664,60,6,0.606,Yes
CUST101151,38,987820,699,Self-Employed,12th,Single,Hyderabad,Mass,Business,164409,36,6,0.313,No
CUST101192,34,830216,590,Salaried,Other,Married,Mumbai,SME,Auto,575319,72,2,0.558,Yes
CUST101489,26,871467,706,Self-Employed,Graduate,Single,Bengaluru,Affluent,Personal,222701,72,6,0.167,No
CUST101300,unknown,817084,756,Salaried,Postgraduate,Married,Pune,Affluent,Auto,1503704,60,8,0.122,Yes
CUST100210,57,674057,828,Self-Employed,Postgraduate,Single,Jaipur,Premium,Education,,60,3,0.261,No
CUST100627,36,760410,680,Business,Diploma,Married,Kolkata,SME,Personal,1632611,120,6,0.189,N
CUST100875,twenty five,779302,828,Business,Postgraduate,Married,Mumbai,Mass,Home,311944,60,4,0.345,Yes
CUST100141,67,405696,812,,Postgraduate,Single,Mumbai,Affluent,Education,386690,24,5,0.35,Yes
CUST101344,48,779944,704,Contract,12th,Married,Jaipur,Premium,Personal,462637,24,6,0.578,No
CUST101027,24,492756,663,Business,Diploma,Single,Hyderabad,Affluent,Business,539265,48,13,0.282,Yes
CUST100675,twenty five,264750,674,Business,12th,M,Jaipur,Affluent,Education,449226,12,5,0.336,No
CUST101218,55,372130,721,Contract,Graduate,MARRIED,Delhi,Mass,Business,576106,72,6,0.359,Yes
CUST100712,45,unknown,769,Contract,12th,Married,Pune,Affluent,Home,785129,48,4,3.5,NO
CUST101080,60,525488,724,Contract,Graduate,Single,Hyderabad,Premium,Auto,303043,48,6,0.321,Yes
CUST100545,60,634720,681,Contract,Graduate,Single,Mumbai,Mass,Education,687162,36,5,0.275,Yes
CUST100200,66,263536,571,Contract,Graduate,Married,Kolkata,Affluent,Auto,622490,48,,0.379,Yes
CUST100926,65,,738,Unknown,Graduate,Single,Delhi,Affluent,Home,137679,12,4,0.263,No
CUST101245,62,456901,745,Self-Employed,Postgraduate,Married,Chennai,Mass,Business,335670,12,4,0.497,Yes
CUST100783,26,1227878,837,Business,Graduate,Married,Jaipur,Mass,Business,522689,120,3,0.295,Yes
CUST101383,37,100,629,Salaried,12th,Married,Pune,Mass,Business,268038,60,3,0.398,Yes
CUST100523,30,1458398,663,Contract,Diploma,Divorced,Chennai,SME,Personal,386674,72,4,35%,Yes
CUST100011,45,805870,745,Contract,Graduate,Single,Hyderabad,Premium,Education,957922,48,80,,Yes
CUST100148,31,,691,,Graduate,Single,Mumbai,Mass,Home,606427,120,3,0.346,Yes
CUST100747,46,350550,N/A,Salaried,Graduate,Single,Kolkata,Premium,Auto,595065,36,5,0.259,No
CUST100283,52,,778,self-employed,Graduate,Married,Bengaluru,Affluent,Personal,268509,84,4,0.298,Yes
CUST100299,34,552964,749,N/A,Other,Married,Hyd,Mass,Personal,145716,84,6,0.41,Yes
CUST100637,32,,711,Business,Diploma,Married,Jaipur,Premium,Home,472112,72,13,0.32,No
CUST100292,33,1298907,821,salaried,Graduate,Married,Mumbai,Mass,Business,422055,84,7,0.618,Yes
CUST100529,64,598617,705,Self-Employed,Graduate,Single,Mumbai,Mass,Auto,386351,120,2,0.29,No
CUST100620,27,586602,,Business,Graduate,Married,Hyderabad,Affluent,Business,270600,48,1,0.281,Yes
CUST101064,54,405424,796,Business,Postgraduate,Married,Pune,Premium,Home,300100,60,5,,No
CUST101389,62,,764,,Graduate,Married,Bengaluru,Mass,Education,1290448,72,4,0.455,N
CUST101161,48,920487,729,Business,Other,Married,Hyderabad,Affluent,Business,403560,120,five,0.412,Yes
CUST100130,50,1034932,761,Salaried,Graduate,Married,Delhi,Mass,Business,146609,12,5,0.438,No
CUST100600,51,1150982,767,Business,Graduate,Married,Bengaluru,Mass,Home,1399292,12,8,0.306,No
CUST100332,38,589350,720 points,Business,Graduate,Divorced,Hyderabad,Affluent,Business,542307,84,2,0.135,No
CUST100324,64,682592,764,Self-Employed,Graduate,Married,Kolkata,Affluent,Personal,233627,120,3,0.224,Yes
CUST100706,47,419675,771,Salaried,Graduate,Married,Chennai,Premium,Education,939847,72,6,0.381,Yes
CUST100515,66,760470,713,Salaried,Graduate,Married,Kolkata,Mass,Home,259030,84,2,0.323,Yes
CUST100629,44,,764,Business,12th,Single,Jaipur,SME,Auto,1973310,120,7,0.172,No
CUST100528,27,,686,Self-Employed,12th,Married,Delhi,Mass,Auto,334016,24,5,0.288,Yes
CUST100533,28,443392,615,Contract,Graduate,Single,Pune,Affluent,Home,216084,24,6,0.041,Yes
CUST101353,44,251553,738,Business,graduate,Single,Chennai,Mass,Business,342720,60,4,0.106,No
CUST101237,21,1005100,730,Self-Employed,Graduate,Single,Jaipur,Affluent,Auto,724166,84,5,0.485,No
CUST100159,44,618521,718,Business,Graduate,Single,Delhi,Affluent,Home,631446,36,6,,Yes
CUST101042,61,447520,647,Business,Postgraduate,Single,Bengaluru,Affluent,Personal,212450,24,8,0.574,No
CUST100983,46,695655,696,Contract,Graduate,Married,Chennai,Mass,Home,521063,12,3,0.433,No
CUST100196,25,1132945,799,Self-Employed,Graduate,Married,Bengaluru,Mass,Auto,1026581,24,8,0.126,Yes
CUST101272,26,1.2L,656,Contract,Postgraduate,Single,Hyderabad,Mass,Business,753462,72,4,0.563,No
CUST101337,50,,N/A,Salaried,12th,Married,,Mass,Business,357363,84,6,0.414,Yes
CUST100411,29,423161,721,Salaried,Graduate,MARRIED,Delhi,Mass,Personal,240287,48,10,0.295,No
CUST100097,32,535937,697,Self-Employed,Graduate,Single,,Premium,Auto,547486,120,4,0.23,Yes
CUST101068,51,,782,Salaried,Graduate,Single,Chennai,Affluent,Education,257860,36,6,0.266,Yes
CUST100157,26,646168,746,Salaried,N/A,Married,Delhi,Premium,Auto,380328,12,5,,Yes
CUST100420,44,651186,679,Self-Employed,Postgraduate,Married,Delhi,SME,Education,413059,48,3,0.513,Yes
CUST101352,39,330846,764,Contract,Graduate,Married,Jaipur,SME,Education,187261,24,4,0.282,No
CUST100478,21,416646,724,Self-Employed,Postgraduate,Married,Delhi,Affluent,Auto,738862,72,1,0.417,Yes
CUST100632,,851384,804,Contract,12th,Married,Chennai,Mass,Home Loan,179398,60,4,0.245,Yes
CUST100671,65,470810,664,Contract,Graduate,Single,Pune,Premium,Education,240464,60,11,0.311,Yes
CUST101360,38,418934,632,Contract,12th,Single,Jaipur,SME,Personal,1460027,12,2,0.421,Yes
CUST100448,65,1543501,698,Business,Graduate,Married,Kolkata,Mass,Auto,644840,60,4,0.444,Yes
CUST100179,63,817976,675,Business,Diploma,Single,Pune,Premium,Auto,463360,12,6,0.178,No
CUST100391,56,1327328,612,Contract,Diploma,Married,Bengaluru,premium,Auto,858877,72,5,0.315,No
CUST101322,33,892289,737,Business,Diploma,Married,Mumbai,SME,Personal,958246,120,5,0.41,Yes
CUST100681,55,1146635,720 points,Salaried,Graduate,Married,Bengaluru,SME,Personal,608363,120,,,No
CUST101273,64,726450,698,Business,12th,Married,Delhi,Mass,Home,681760,36,9,0.121,approved
CUST101275,56,678001,804,Business,Graduate,Married,Kolkata,Mass,Business,268837,60,3,0.494,No
CUST101340,40,384669,664,Business,graduate,Married,Delhi,Mass,Auto,450000 INR,72,10,0.636,Yes
CUST100909,38,778215,120,Business,12th,Married,Mumbai,Affluent,Personal,997263,48,2,N/A,Yes
CUST100901,21,857590,736,Business,Postgraduate,Married,Bengaluru,Mass,Home,369910,36,,0.529,Yes
CUST100818,,289179,709,SALARIED,Postgraduate,Single,Kolkata,Premium,Auto,153194,24,9,0.407,Yes
CUST100789,46,1695578,698,Salaried,Graduate,Single,Delhi,Affluent,Business,,84,5,0.075,Yes
CUST100680,64,330385,765,Salaried,Graduate,Single,Mumbai,Mass,Personal,pending,120,5,0.526,NO
CUST100295,46,393606,723,Salaried,Diploma,Married,Hyderabad,Mass,Home,1116815,60,2,0.606,Yes
CUST101348,53,639989,641,SALARIED,graduate,Married,Bengaluru,Premium,Business,229916,36,5,0.382,No
CUST100906,54,650000 INR,750,Self-Employed,Graduate,Married,Mumbai,Mass,Business,246721,84,6,0.387,Yes
CUST100089,57,557689,795,Business,Other,Married,Hyderabad,Affluent,Auto,225214,12,10,0.493,No
CUST101286,23,1114162,817,Salaried,Graduate,Married,Bengaluru,Premium,auto,848498,36,7,,Yes
CUST100967,49,501990,654,,Diploma,Married,Mumbai,Affluent,Personal,1071962,24,5,0.401,pending
CUST100597,48,589668,624,Business,Graduate,Married,Kolkata,Mass,Personal,121992,36,4,0.263,Yes
CUST101182,64,1087024,766,Contract,12th,Married,Bengaluru,SME,Home,763336,12,3,0.422,Yes
CUST101422,67,,818,,Graduate,Married,Bengaluru,Affluent,Education,1053150,72,13,0.524,N
CUST100722,64,772828,793,Self-Employed,Graduate,Single,Hyderabad,Mass,Business,277758,60,5,0.577,Yes
CUST101209,34,985117,831,Business,Graduate,married,Mumbai,SME,Education,344313,120,6,0.288,Yes
CUST100291,58,359338,678,Business,Postgraduate,Single,Jaipur,Affluent,Home,355309,12,9,0.175,Yes
CUST101453,23,562921,750,Contract,12th,Married,Hyderabad,Mass,Home,181246,36,8,0.148,Yes
CUST101193,29,847139,723,Business,Other,Married,Mumbai,Mass,Business,438806,24,3,0.319,Yes
CUST100349,29,1300667,603,Business,Postgraduate,Married,Kolkata,Mass,Education,195132,36,N/A,0.24,No
CUST101001,58,1074578,,Salaried,Graduate,Single,Pune,Premium,Auto,504635,84,6,0.403,Yes
CUST101447,65,2507506,716,Business,Graduate,Married,Mumbai,Mass,Personal,918268,84,5,0.493,Yes
CUST100716,58,624479,545,Business,12th,Married,Jaipur,Premium,Personal,pending,84,5,0.676,Yes
CUST101430,58,,,Self-Employed,Graduate,Single,Bengaluru,Mass,auto,494150,120,9,0.244,Yes
CUST100621,41,443186,705,Self-Employed,Graduate,Married,Jaipur,SME,Personal,173462,72,1,N/A,Yes
CUST100459,60,774915,605,Business,Graduate,Married,Pune,Mass,Home,703955,84,5,0.426,No
CUST100376,25,1170976,664,Salaried,Diploma,Single,Kolkata,Premium,Home,205176,120,7,0.472,No
CUST100334,60,2101980,586,Salaried,Post Graduate,Single,Pune,Mass,Home,553629,48,8,,No
CUST101227,26,453019,689,Self-Employed,12th,Single,Kolkata,Affluent,Home Loan,1183589,48,5,0.172,Yes
CUST101356,44,350594,597,Contract,Postgraduate,Single,Jaipur,Mass,Home,904451,36,7,0.247,No
CUST100737,,1960148,748,Salaried,Postgraduate,Married,Hyderabad,Affluent,Education,537006,84,2,0.279,Yes
CUST101424,52,785410,675,Contract,Postgraduate,Married,Delhi,Mass,Auto,730634,24,1,1.2,Yes
CUST101274,52,1033033,730,Contract,GRADUATE,Single,Jaipur,Affluent,Education,145537,120,5,,Yes
CUST100329,27,410868,607,Business,12th,Married,Mumbai,Affluent,Education,1016743,84,2,0.48,No
CUST100319,65,956899,753,Self-Employed,Postgraduate,Single,Hyderabad,Mass,Personal,174457,120,3,0.324,Yes
CUST101182,64,1087024,766,Contract,12th,Married,Bengaluru,SME,Home,763336,12,3,0.422,Yes
CUST100990,58,600808,681,Business,Other,Married,Kolkata,Mass,Auto,582413,60,6,0.203,Yes
CUST100013,,845871,635,Salaried,Postgraduate,Single,Hyderabad,Mass,Education,208240,72,4,0.329,No
CUST100172,25,497334,759,Business,Postgraduate,Married,Chennai,Mass,Personal,239775,48,5,0.483,Yes
CUST100261,130,811910,828,Self-Employed,,Married,Chennai,Affluent,Personal,493393,60,4,0.426,Yes
CUST100853,66,765781,618,Self-Employed,12th,Single,Pune,Mass,Education,384021,120,2,0.48,Yes
CUST100940,44,691395,672,Self-Employed,Other,Married,Pune,Affluent,Education,635746,120,6,0.401,Yes
CUST101262,64,496685,770,Salaried,Graduate,Married,Pune,Mass,Business,,12,7,0.13,No
CUST100139,37,256526,790,Salaried,Postgraduate,Married,Bengaluru,Mass,Personal,264729,84,5,0.101,Yes
CUST100550,52,864264,763,Self-Employed,Graduate,Married,Delhi,Premium,Home,288624,60,-5,0.151,Yes
CUST101141,62,890398,712,Business,12th,Married,Kolkata,Affluent,Home,235290,12,9,0.304,No
CUST100880,50,389369,752,Contract,12th,Married,Bengaluru,Affluent,Personal,212916,48,4,0.135,Yes
CUST100808,twenty five,598955,631,Business,12th,Married,Bengaluru,Mass,Personal,"₹5,00,000",48,8,0.509,No
CUST100559,58,773981,744,Self-Employed,12th,Single,Chennai,Affluent,Auto,191671,48,5,0.196,Yes
CUST100140,41,895093,812,Salaried,Graduate,Married,Jaipur,Mass,Business,536426,72,5,0.346,Yes
CUST101342,27,1485795,722,Salaried,Postgraduate,Divorced,Bengaluru,Mass,Auto,,48,9,0.423,No
CUST100908,29,1394637,741,Contract,Graduate,Single,Jaipur,Mass,Business,,24,3,0.657,No
CUST100225,54,746850,766,Contract,Other,Single,Delhi,Mass,Education,405762,12,6,0.252,No
CUST101318,48,1048713,694,Salaried,Graduate,Married,Hyderabad,Premium,Business,291011,60,5,0.36,No
CUST100410,21,237507,712,Salaried,Graduate,Single,Jaipur,Mass,Auto,589761,24,5,0.439,Yes
CUST100326,31,430330,685,Salaried,Postgraduate,Married,Pune,Mass,Auto,pending,72,3,0.175,Yes
CUST100300,22,875180,609,SALARIED,graduate,Single,Bengaluru,Mass,Education,1074999,84,4,0.198,Yes
CUST101190,21,801105,712,Business,Graduate,Married,Mumbai,Mass,Personal,422282,24,7,0.425,No
CUST101094,39,647783,,Salaried,12th,Married,Delhi,Affluent,Education,153165,60,8,0.419,Yes
CUST101006,64,681177,678,,Graduate,Single,Jaipur,Mass,Personal,364944,120,8,0.027,Yes
CUST101425,33,460182,698,Contract,Postgraduate,Married,Kolkata,Mass,Auto,912733,36,2,0.297,Yes
CUST100984,51,212894,783,,Other,Married,mumbai,Mass,Auto,384045,36,5,0.36,No
CUST100907,40,210969,712,Business,Diploma,Married,Chennai,Mass,Auto,280476,24,1,0.31,Yes
CUST100574,23,233915,683,Salaried,Graduate,Married,Mumbai,Affluent,Education,317209,84,2,0.536,No
CUST100504,61,946339,726,Self-Employed,Graduate,Married,Jaipur,Premium,Education,248354,48,7,0.464,Yes
CUST100606,46,1034172,708,Business,Graduate,Single,Delhi,Affluent,Home,252704,24,6,0.477,Yes
CUST101121,21,490320,693,Contract,,Divorced,Kolkata,Mass,Home,950088,12,3,0.02,No
CUST100004,,316900,666,Contract,Other,Married,Kolkata,Premium,Auto,1015576,48,5,0.182,No
CUST101152,44,496362,620,Salaried,Graduate,Single,Kolkata,Affluent,Personal,141206,120,7,0.283,Yes
CUST100468,49,774600,700,Self-Employed,Postgraduate,Single,Delhi,Affluent,Personal,205276,24,6,0.588,Yes
CUST100322,26,1037368,740,Salaried,Graduate,Single,Kolkata,Mass,Education,454853,12,6,,Yes
CUST100006,unknown,1310728,730,Contract,Graduate,Single,Jaipur,Mass,Education,695470,48,6,0.54,Yes
CUST101011,33,622258,687,Salaried,Graduate,Divorced,Bengaluru,Mass,Education,1421364,84,3,0.374,Yes
CUST100548,48,893165,824,Self-Employed,12th,Married,,Affluent,Auto,514208,24,5,0.047,Yes
CUST101069,36,751234,690,Salaried,Postgraduate,Divorced,Delhi,Mass,auto,624195,84,5,0.269,Yes
CUST100040,50,803835,749,Self-Employed,,Single,Jaipur,Affluent,Business,,24,9,0.584,No
CUST100543,30,952363,682,Salaried,12th,Married,Pune,SME,Personal,707702,24,3,0.377,No
CUST100243,25,401757,705,Salaried,Diploma,Divorced,Bengaluru,Affluent,Home,246699,24,2,0.451,Yes
CUST100137,49,763973,724,Business,12th,Married,Chennai,Mass,Home,837902,120,2,0.556,No
CUST101230,,1698388,713,Salaried,12th,Married,Delhi,Premium,Personal,1060821,36,4,,Yes
CUST101113,30,380184,598,Contract,12th,Single,Bengaluru,SME,Education,617888,24,6,0.518,yes
CUST100803,45,580908,740,Business,12th,Single,Pune,Mass,auto,531842,12,6,0.613,Yes
CUST100701,45,585639,670,Salaried,Postgraduate,Married,Jaipur,Affluent,Personal,309169,12,4,0.359,Yes
CUST101092,42,252026,755,Business,Postgraduate,Married,Delhi,Premium,Auto,607688,48,4,0.189,Yes
CUST101415,,442989,704,Business,Graduate,Married,Jaipur,SME,Auto,424350,24,7,0.108,Yes
CUST101400,35,941799,699,Self-Employed,Postgraduate,Married,Kolkata,Premium,Auto,2040786,12,7,0.424,No
CUST100582,60,238999,775,Business,Graduate,Married,Chennai,Premium,Business,,60,8,0.296,No
CUST100121,41,1621977,807,Salaried,Graduate,Single,Mumbai,Mass,Home,290934,72,6,0.081,Yes
CUST100819,N/A,415900,663,Salaried,Diploma,Married,hyderbad,mass,Personal,165749,48,4,0.447,Yes
CUST101423,48,2380070,709,Business,Postgraduate,Married,Delhi,SME,Home,2245555,12,4,0.078,No
CUST100377,55,1387115,792,Salaried,Graduate,Married,MUMBAI,Premium,Business,303692,72,2,0.12,No
CUST100315,32,504502,704,Contract,Graduate,Single,Bengaluru,Affluent,Education,407540,84,10,0.266,Yes
CUST100443,27,575225,693,Business,Postgraduate,Married,Delhi,Affluent,Business,308899,84,4,0.095,Yes
CUST100320,57,,754,Self-Employed,Graduate,Single,Mumbai,Mass,Home,386989,12,,0.273,Yes
CUST101427,52,413429,803,SALARIED,Graduate,Married,Bangalore,Mass,Home Loan,529013,24,7,0.191,Yes
CUST101084,47,25000000,776,Business,Graduate,Married,Pune,Affluent,Home,607875,72,,0.383,No
CUST101256,24,940587,753,Business,Diploma,Married,Pune,Mass,Home,516385,12,5,0.352,Yes
CUST100425,40,654549,805,Self-Employed,Graduate,Married,Jaipur,Affluent,Auto,173690,120,6,0.428,Yes
CUST100554,35,777464,705,Self-Employed,Graduate,Married,Delhi,Mass,Business,718766,120,4,0.347,Yes
CUST100595,36,₹720000,715,Self-Employed,graduate,Divorced,Hyd,Premium,Business,471831,36,4,0.215,Yes
CUST101462,35,727417,750,Contract,Diploma,Single,Jaipur,Affluent,Education,259650,72,2,0.439,Yes
CUST101293,41,891758,676,Contract,Diploma,Single,Delhi,Affluent,Home,180516,84,6,0.254,Yes
CUST100799,35,558742,738,Salaried,12th,Single,Pune,mass,Personal,,120,2,0.323,Yes
CUST101248,42,622932,597,Self-Employed,Postgraduate,Married,Chennai,Mass,Personal,1031881,72,8,0.401,Yes
CUST101357,37,639332,736,Business,Graduate,Married,Hyderabad,Premium,Unknown,368236,24,4,0.353,No
CUST100228,48,159220,687,Salaried,Other,Married,Jaipur,Affluent,Home,527555,36,1,0.305,Yes
CUST100119,32,1570137,,Self-Employed,Graduate,unknown,Chennai,Affluent,Auto,450226,48,3,0.529,Yes
CUST101280,61,1881389,752,,12th,Married,Mumbai,Mass,Business,633007,84,10,0.253,No
CUST101294,,646827,782,Business,Other,Single,Mumbai,Affluent,Personal,324249,120,10,0.349,0
CUST101165,45,247939,710,Salaried,Post Graduate,Single,Chennai,Mass,Business,540042,48,80,0.638,Yes
CUST100067,63,663942,758,Self-Employed,12th,Single,Hyderabad,Mass,Auto,186186,24,6,0.542,Yes
CUST100394,49,579151,691,Salaried,Graduate,Single,Kolkata,Mass,Personal,112262,72,2,0.269,Yes
CUST100580,25,408954,unknown,Business,Graduate,Single,Mumbai,Mass,Personal,493039,36,6,0.159,Yes
CUST100025,57,681645,746,Contract,12th,Single,Pune,Affluent,Personal,,12,9,0.516,No
CUST100212,54,N/A,779,Contract,Graduate,Single,Delhi,Affluent,Business,606152,84,6,0.397,Yes
CUST101188,49,697629,819,Contract,Diploma,Married,Mumbai,Mass,Business,472692,36,5,0.459,Yes
CUST100812,62,754066,750,Self-Employed,12th,Married,Delhi,Affluent,Personal,465835,24,4,0.158,No
CUST100537,42,942683,755,Contract,Graduate,Married,Mumbai,Affluent,Education,1035918,12,3,0.254,Yes
CUST100742,56,459050,713,Contract,,M,Pune,SME,Education,120000000,84,4,0.444,Yes
CUST101495,,428844,667,Self-Employed,Postgraduate,Married,Kolkata,Affluent,Personal,167019,12,4,0.456,Yes
CUST100086,53,1102089,684,Self-Employed,Postgraduate,Single,Mumbai,Mass,Personal,N/A,48,4,0.317,Yes
CUST101384,63,941498,805,Contract,Diploma,Married,Pune,Mass,Education,695044,36,3,0.143,Yes
CUST100273,28,1538049,762,Self-Employed,12th,Single,Jaipur,Mass,Home,698870,24,3,0.39,Yes
CUST100953,49,693556,776,Contract,Postgraduate,Married,Kolkata,Mass,Education,770708,12,5,0.272,Yes
CUST101202,43,1064103,708,Self-Employed,Graduate,Married,Bengaluru,Affluent,Home Loan,421929,60,6,0.398,Yes
CUST101385,39,568344,719,Salaried,Postgraduate,Married,Hyderabad,Mass,Auto,448925,48,6,0.308,Yes
CUST100631,55,575701,705,Business,Postgraduate,Married,MUMBAI,Mass,Home,564152,60,4,0.307,Yes
CUST101054,66,1474238,692,Self-Employed,Graduate,Divorced,Mumbai,Mass,Personal,213507,72,9,0.698,Yes
CUST101434,47,387881,760,Contract,Graduate,Divorced,Delhi,Affluent,Auto,164978,72,3,0.497,No
CUST100506,42,835866,692,Contract,Graduate,Single,Hyderabad,Affluent,Business,N/A,24,2,0.552,Yes
CUST100274,,,668,Business,Postgraduate,Married,Bengaluru,Affluent,Auto,260167,60,7,0.507,Yes
CUST100731,55,555968,642,Self-Employed,Postgraduate,Married,Kolkata,Affluent,Business,525357,60,2,0.38,No
CUST100363,31,800005,710,Salaried,Graduate,Married,Chennai,Premium,Education,125342,48,,0.352,Yes
CUST100623,28,802465,751,Contract,Postgraduate,Married,Kolkata,Mass,Home,144540,120,6,0.406,No
CUST100003,,217504,720,Business,Diploma,Married,Mumbai,SME,Personal,260387,24,5,0.247,No
CUST100007,25,744426,724,Contract,12th,Married,Bangalore,Mass,Education,584284,72,6,0.283,Yes
CUST100312,52,716447,749,Business,Postgraduate,Married,Pune,Mass,Personal,173520,48,6,,Yes
CUST101271,38,784087,640,Salaried,Graduate,Married,Hyderabad,Affluent,Personal,1406006,120,6,0.343,Yes
CUST100666,53,680059,120,Contract,Graduate,Married,Delhi,Premium,Personal,116706,72,1,0.512,No
CUST101498,57,620110,743,Business,Graduate,Married,Hyderabad,Mass,Business,2364941,120,2,0.755,1
CUST100156,52,253877,564,Contract,Postgraduate,Married,Hyderabad,Affluent,Home,421927,84,8,0.124,No
CUST100216,33,862603,656,Self-Employed,Graduate,Married,Bengaluru,SME,Home,480314,84,10,,Yes
CUST101263,41,659759,775,Self-Employed,Graduate,Single,Pune,Affluent,Auto,513671,120,3,0.174,No
CUST100028,59,832801,669,Contract,Diploma,Single,Hyd,Mass,Business,780475,12,5,0.3,Yes
CUST101104,28,885684,763,Self-Employed,Graduate,Married,Mumbai,Mass,Education,125421,120,3,0.465,Yes
CUST100902,22,,727,Self-Employed,Graduate,unknown,Kolkata,Mass,Auto,"₹5,00,000",48,8,0.379,Yes
CUST100702,49,587841,729,Salaried,Postgraduate,MARRIED,Kolkata,Affluent,Education,1236101,48,8,0.474,Yes
CUST100639,-3,533794,694,Salaried,GRADUATE,Single,Hyderabad,Affluent,Home,,120,6,0.256,Yes
CUST100778,26,374253,860,Business,Graduate,Married,Chennai,Mass,Business,344600,12,6,0.489,No
CUST100860,58,767333,,Self-Employed,Graduate,Single,Jaipur,Affluent,Business,556519,24,8,0.301,Yes
CUST100625,49,396003,674,Business,Graduate,Married,Delhi,Mass,Auto,,60,5,0.063,Yes
CUST101169,67,307229,619,Salaried,12th,Single,Chennai,SME,Business,222767,84,6,0.473,No
CUST100257,52,1104578,589,Salaried,Other,Single,Delhi,Mass,Personal,696030,24,8,0.27,No
CUST100026,51,1016148,677,Contract,12th,Married,mumbai,Mass,Business,426499,72,7,0.277,Yes
CUST100337,66,698473,585,Business,Graduate,Single,Jaipur,Mass,Business,151348,72,4,0.184,Yes
CUST100573,34,537849,666,Self-Employed,Other,Married,Pune,Affluent,Auto,386228,12,4,0.375,Yes
CUST100048,,497701,702,Self-Employed,Diploma,Married,Chennai,Affluent,Education,131349,72,8,0.074,Yes
CUST100107,57,659718,577,Salaried,Graduate,Married,Pune,Mass,Personal,1445290,72,unknown,0.255,No
CUST100350,28,626307,744,Self-Employed,12th,Divorced,Pune,Mass,Personal,837689,12,10,0.399,Yes
CUST100056,23,₹720000,525,Self-Employed,Diploma,Single,Mumbai,Affluent,Business,1267132,72,4,0.572,Yes
CUST101487,28,522183,704,N/A,Other,Divorced,Jaipur,Mass,Education,597042,72,2,0.57,Yes
CUST100214,42,1433281,721,Self-Employed,Postgraduate,Married,Jaipur,Affluent,Home,315227,84,7,0.097,Yes
CUST100121,41,1621977,807,Salaried,Graduate,Single,Mumbai,Mass,Home,290934,72,6,0.081,Yes
CUST100905,42,712895,730,Contract,Graduate,Single,Bengaluru,Mass,Education,1420777,48,5,0.447,No
CUST101058,57,719166,584,Salaried,Postgraduate,Married,Kolkata,Premium,Business,293237,84,,,Yes
CUST100073,42,830775,790,Salaried,Graduate,Single,Hyderabad,Mass,Business,290330,12,4,0.497,Yes
CUST100810,67,874164,,Self-Employed,Postgraduate,Married,Chennai,Mass,Auto,368492,24,5,0.282,No
CUST100746,38,662682,616,salaried,Diploma,Married,Delhi,Premium,Education,174836,36,9,0.484,No
CUST100046,66,276121,0,Business,Other,unknown,Chennai,Premium,Auto,877671,48,1,0.263,Yes
CUST101296,45,701650,696,Business,Graduate,Divorced,Chennai,Affluent,Home,655066,24,5,0.44,Yes
CUST100524,59,503762,605,Contract,Graduate,Married,Jaipur,Mass,Home,323456,48,8,N/A,No
CUST100904,62,1142776,749,Contract,N/A,Single,Kolkata,SME,Home,1408718,84,7,0.481,Yes
CUST100821,22,573490,793,Self-Employed,Diploma,Single,Mumbai,Affluent,Auto,191000,12,4,0.352,Y
CUST100899,24,759377,664,Contract,Postgraduate,Married,Pune,Premium,Personal,680856,60,4,0.41,No
CUST101062,53,680470,763,Salaried,Postgraduate,Single,Bengaluru,Premium,Business,356072,120,2,0.454,Yes
CUST100534,34,751385,722,Salaried,Graduate,married,Chennai,Mass,Business,171730,12,8,0.284,No
CUST101164,45,682435,674,SALARIED,Diploma,Single,Kolkata,Affluent,Personal,583677,24,7,0.294,Yes
CUST100604,27,306982,651,SALARIED,Other,Single,Kolkata,Mass,Business,414392,48,6,0.38,No
CUST100466,66,335730,724,Contract,12th,Single,Bengaluru,High Value,Auto,620079,60,3,0.179,Yes
CUST100848,23,702581,742,Contract,Postgraduate,Married,Pune,Affluent,Auto,413964,36,5,,Yes
CUST101310,61,516716,708,Self-Employed,12th,Single,Jaipur,Mass,Education,190914,48,6,0.02,Yes
CUST100807,46,1155469,,Contract,12th,Single,hyderbad,Affluent,Education,527096,48,5,0.294,Yes
CUST100985,48,728253,742,Self-Employed,Postgraduate,Single,Pune,Premium,Business,268819,48,9,0.064,Yes
CUST100061,64,,792,Contract,Postgraduate,Single,N/A,Premium,Auto,302630,48,4,0.215,Yes
CUST100922,47,827522,903,SALARIED,Postgraduate,Married,Delhi,Premium,Home,355150,120,3,0.207,Yes
CUST100093,60,733888,800,Contract,Postgraduate,Married,Pune,Premium,Education,352742,48,5,0.375,Yes
CUST100667,44,1183671,747,Business,,Single,Bangalore,Mass,Unknown,458230,24,5,0.245,No
CUST100731,55,555968,642,Self-Employed,Postgraduate,Married,Kolkata,Affluent,Business,525357,60,2,0.38,No
CUST100195,66,1044117,784,Salaried,Postgraduate,Single,Pune,premium,Education,915554,36,8,0.364,Yes
CUST100281,42,631764,749,Business,Graduate,Single,mumbai,Mass,Education,654555,36,6,0.306,No
CUST100696,32,431789,836,Business,Graduate,Married,Jaipur,Affluent,auto,N/A,72,4,0.672,Yes
CUST100360,56,1294547,800,Salaried,Diploma,Married,Delhi,Affluent,Business,196212,24,12,0.491,Yes
CUST100520,,1369053,801,Self-Employed,Postgraduate,Married,Mumbai,Affluent,Home,246775,60,5,0.503,Yes
CUST100845,21,413917,697,Self-Employed,Graduate,Married,Pune,Mass,Personal,341237,120,2,0.114,Yes
CUST100797,,461200,676,Contract,Postgraduate,Married,Kolkata,Affluent,Personal,1021283,60,7,0.385,No
CUST100183,44,605588,732,SALARIED,Postgraduate,Married,Jaipur,Affluent,Auto,"₹5,00,000",120,-,0.435,No
CUST101049,52,418405,696,Business,Postgraduate,Single,Delhi,Mass,Personal,633519,48,0,0.442,No
CUST100111,34,786050,659,Contract,Graduate,Married,Hyderabad,Premium,auto,877893,24,7,0.3,No
CUST100043,53,927209,724,Contract,Graduate,Single,Delhi,Mass,Business,389014,120,3,0.246,Yes
CUST101345,29,560395,801,Self-Employed,Graduate,Single,Pune,Premium,Business,513125,12,7,0.538,No
CUST100205,42,600172,unknown,Business,Postgraduate,Single,Pune,Affluent,Business,546194,60,4,0.242,No
CUST101308,32,186432,720 points,Self-Employed,Diploma,Single,Pune,Mass,Business,474441,36,7,0.388,0
CUST100053,38,734709,754,Business,Other,Married,Jaipur,Mass,Business,1343077,60,6,0.3,Yes
CUST100546,23,614945,672,Self-Employed,Graduate,Single,Bengaluru,Mass,Education,214609,120,5,0.45,No
CUST100069,24,386606,775,Contract,Postgraduate,Single,Mumbai,High Value,Business,312927,84,2,,Yes
CUST100931,46,509690,732,SALARIED,Graduate,Single,Chennai,Affluent,Business,371493,48,6,0.221,Yes
CUST101025,59,50,745,Contract,Graduate,Married,Chennai,unknown,Personal,980802,60,2,0.188,No
CUST100781,62,495294,792,Salaried,Postgraduate,Married,Hyderabad,Premium,Auto,161804,72,5,0.197,No
CUST100184,53,1393181,672,Salaried,Graduate,Married,Chennai,Mass,Education,364344,48,8,0.156,Yes
CUST100138,22,797081,735,Self-Employed,Graduate,Single,Hyderabad,Premium,Home,444546,24,3,0.544,Yes
CUST101051,44,523380,782,Self-Employed,Postgraduate,Married,Chennai,Affluent,Education,479270,60,3,0.425,Yes
CUST100081,65,433265,685,Business,Diploma,Single,Mumbai,Affluent,Auto,285383,24,3,0.552,Yes
CUST101243,66,570746,633,Salaried,Graduate,Married,Delhi,Mass,Auto,191199,84,2,0.241,0
CUST100106,,659146,747,Salaried,Postgraduate,Single,,Affluent,Auto,,48,5,0.653,Yes
CUST100542,23,681115,615,Business,12th,Single,Bengaluru,Premium,Personal,193272,120,7,0.617,Yes
CUST100765,37,944093,633,Contract,Postgraduate,Divorced,Hyderabad,Mass,Auto,506862,48,4,0.35,Yes
CUST100481,34,344520,768,Self-Employed,Graduate,Married,Jaipur,Affluent,Home,469180,12,3,unknown,Yes
CUST100166,59,,677,Self-Employed,Graduate,Married,Chennai,Mass,Business,316551,48,6,0.45,Yes
CUST100249,57,1012992,756,Contract,Diploma,Single,Delhi,Mass,Education,867274,36,11,0.256,Yes
CUST100308,47,661349,692,Self-Employed,,Married,Pune,Mass,Auto,308545,72,9,0.438,Yes
CUST100447,35,2114420,690,Self-Employed,Graduate,Married,MUMBAI,Premium,Auto,472803,84,4,0.555,approved
CUST100773,21,482101,711,Business,Graduate,Married,mumbai,Mass,Personal,1141156,48,5,,Yes
CUST100335,42,335580,739,Business,Graduate,Married,Kolkata,SME,Education,299665,60,3,0.076,No
CUST100098,53,730802,740,Salaried,Graduate,Married,Jaipur,SME,Personal,450000 INR,84,3,0.5,Yes
CUST100788,53,636681,781,Salaried,Graduate,Married,Delhi,Mass,Education,815476,48,7,0.59,No
CUST100738,36,,722,Business,Diploma,Married,Bengaluru,Mass,Education,180819,24,3,0.242,Yes
CUST101454,32,362492,595,Self-Employed,Diploma,Married,Mumbai,Premium,auto,411345,24,7,0.389,No
CUST100870,22,522340,775,Contract,Other,Single,Jaipur,mass,Personal,557653,72,6,0.212,No
CUST100980,47,716742,689,Self-Employed,Graduate,Single,Delhi,Premium,Unknown,206510,84,4,0.13,No
CUST100103,58,372104,786,self-employed,Graduate,Divorced,Pune,Affluent,Home,154218,60,4,0.458,Yes
CUST100435,41,908618,714,Business,12th,Married,Chennai,Affluent,Auto,187790,84,8,0.209,No
CUST100075,53,275711,787,Salaried,,Married,Bengaluru,Affluent,Auto,473413,12,8,0.648,Yes
CUST101375,62,680193,692,Salaried,Graduate,Married,Hyderabad,Mass,Business,542286,48,3,0.279,No
CUST101106,29,898201,733,Business,Postgraduate,Married,Mumbai,unknown,Education,486545,24,3,0.353,Yes
CUST101394,55,715005,720 points,Self-Employed,Graduate,Single,Kolkata,Mass,Education,262235,72,6,0.144,No
CUST100303,21,,702,Business,Graduate,Married,Mumbai,Mass,Personal,699661,36,3,0.293,Yes
CUST101326,29,,675,Salaried,Diploma,Divorced,Kolkata,Mass,Home,716554,24,4,0.477,No
CUST101451,,432066,745,Business,12th,Married,Pune,Affluent,Business,236654,120,7,0.217,Yes
CUST101254,58,1467527,749,Self-Employed,Postgraduate,Married,Hyderabad,Affluent,Auto,508701,36,unknown,0.228,Yes
CUST100763,65,686752,703,Salaried,Graduate,Divorced,Hyd,Mass,auto,60668,36,9,0.235,Yes
CUST100734,57,537675,559,Self-Employed,Graduate,Single,Mumbai,Mass,Personal,448673,84,9,0.05,No
CUST100389,62,1215224,766,Self-Employed,12th,Single,Kolkata,Affluent,Home,241234,12,5,0.235,Yes
CUST100236,54,1254926,721,Salaried,Graduate,Married,Pune,Mass,Personal,228715,12,7,0.185,Yes
CUST101277,51,752059,777,Contract,Post Graduate,Married,,Premium,Education,6684552,48,3,0.529,Yes
CUST100268,37,761943,,,Graduate,Married,Hyderabad,SME,Business,656443,60,7,0.395,Yes
CUST100306,,545685,757,Self-Employed,,Married,Delhi,Affluent,Home,1230051,60,5,0.383,Yes
CUST100820,67,1345915,711,Business,GRADUATE,Single,Mumbai,mass,Education,342926,120,7,0.404,No
CUST100118,27,1289700,767,Self-Employed,Postgraduate,Married,mumbai,Mass,Auto,,84,6,0.497,Yes
CUST101401,61,848476,735,Contract,,Married,Mumbai,Premium,Business,471314,120,7,0.215,Yes
CUST100674,25,811459,674,Self-Employed,12th,Married,Bengaluru,premium,Personal,1521684,36,6,0.379,Yes
CUST100250,22,660889,716,Business,Graduate,Married,Hyd,High Value,Education,282497,120,5,0.063,No
CUST101117,67,722251,700,Business,Postgraduate,Married,Delhi,Mass,Education,707042,36,5,0.343,No
CUST101101,43,236342,615,Business,12th,Divorced,Jaipur,Mass,Home,254888,48,7,0.68,No
CUST100072,29,356674,786,Business,Graduate,Married,Bangalore,Mass,Personal,335608,84,3,0.271,Yes
CUST100095,63,480824,746,,12th,Married,Pune,Mass,Auto,493683,60,9,3.5,No
CUST100882,61,1119529,683,Salaried,Other,Single,Pune,Premium,Home,337863,36,3,0.066,No
CUST100034,47,1737800,,Salaried,Graduate,Single,Chennai,Mass,Auto,500,48,7,0.37,No
CUST100800,41,,588,Salaried,Postgraduate,unknown,Chennai,Mass,Auto,261712,84,3,0.237,Yes
CUST101125,60,346551,624,Business,Graduate,Married,Chennai,Mass,Personal,414208,24,5,0.2,yes
CUST100449,45,533433,714,Salaried,Postgraduate,Single,Bengaluru,Mass,Home,485099,12,3,0.339,No
CUST100446,52,429993,722,Contract,Diploma,Married,Delhi,Premium,Education,241905,84,3,0.335,No
CUST100772,67,642961,816,Business,Postgraduate,Married,Delhi,Mass,Home,539908,48,6,0.032,Yes
CUST100717,45,526251,,Salaried,12th,Divorced,Kolkata,Affluent,Education,1176304,60,8,0.339,No
CUST100923,41,204016,701,Business,Other,Married,Chennai,Mass,Auto,369629,120,4,0.335,Yes
CUST101171,50,1062881,648,Self-Employed,Graduate,unknown,Bengaluru,Premium,Auto,100,60,4,,Yes
CUST100937,28,783241,120,Contract,Graduate,Married,Kolkata,Mass,Home,266100,120,N/A,0.112,1
CUST101056,67,749564,645,Contract,Graduate,Married,Bangalore,Affluent,Personal,324909,84,4,,Yes
CUST100078,31,1080738,668,Business,Postgraduate,Single,Jaipur,Mass,Home Loan,813387,36,1,0.148,yes
CUST100085,50,1205791,738,Salaried,,Single,Pune,Mass,Personal,575520,72,5,0.78,No
CUST100868,60,1021983,659,Contract,12th,Single,Mumbai,Premium,Home,366333,12,3,0.394,No
CUST100083,28,766920,544,Business,Graduate,Married,Mumbai,Affluent,Home,,24,1,0.19,No
CUST100458,50,698066,747,Self-Employed,Graduate,Single,Jaipur,Mass,Business,683093,12,2,0.526,Yes
CUST101472,53,415739,710,Contract,12th,Married,Pune,Affluent,Personal,333357,24,5,0.199,No
CUST100677,48,868047,776,Self-Employed,Graduate,Married,Kolkata,Premium,Home,237862,12,5,0.547,No
CUST101066,39,1163463,778,Unknown,Postgraduate,Divorced,Hyderabad,Affluent,Education,274339,60,10,0.55,Yes
CUST101099,22,819983,785,Contract,Graduate,Married,Kolkata,Affluent,Education,565732,60,5,0.466,Yes
CUST100437,,650418,732,Self-Employed,Graduate,Single,Jaipur,mass,Personal,686261,36,4,0.416,Yes
CUST100771,51,483549,755,Contract,12th,Married,Hyderabad,Affluent,Education,202326,36,8,0.349,Yes
CUST100645,57,541706,648,Business,Graduate,Married,Mumbai,High Value,Home,464788,60,7,,Yes
CUST100856,60,354612,662,Salaried,Graduate,Married,Kolkata,Affluent,Education,466673,60,5,0.445,Yes
CUST100943,63,618746,749,Contract,Graduate,Married,Chennai,Premium,Auto,582157,60,6,0.291,Yes
CUST101223,66,360529,719,Self-Employed,Graduate,Married,Jaipur,Mass,Business,N/A,24,3,0.189,No
CUST101146,43,700955,636,Salaried,Graduate,Single,Pune,Premium,PERSONAL,655841,12,N/A,0.556,Yes
CUST100405,,595004,681,Salaried,Graduate,Married,Pune,Mass,Auto,606266,48,3,0.02,NO
CUST101336,67,859941,699,Self-Employed,Postgraduate,Single,Chennai,Premium,Home,178829,60,five,0.231,Yes
CUST100971,35,502835,627,Salaried,Graduate,Single,Mumbai,Mass,Auto,238193,12,3,0.297,Yes
CUST101222,46,680270,718,Salaried,Diploma,Married,Jaipur,Premium,Personal,251968,48,3,0.02,No
CUST100105,58,265944,,Self-Employed,12th,Married,Kolkata,Affluent,Personal,363973,12,3,0.226,No
CUST100610,61,unknown,870,Contract,Graduate,Married,Hyderabad,Affluent,Home,363432,12,6,0.475,No
CUST100865,60,613805,686,Business,Postgraduate,Married,Pune,Affluent,Education,677797,12,8,unknown,Yes
CUST100689,41,647262,N/A,Self-Employed,Postgraduate,Single,Delhi,SME,Education,298381,84,5,0.292,Yes
CUST100986,,1620302,694,Business,Postgraduate,Single,Delhi,Affluent,Business,183992,12,7,0.171,No
CUST100827,52,276502,745,Self-Employed,Graduate,Married,Pune,Affluent,Auto,586711,120,1,0.449,Yes
CUST100969,64,607348,693,Self-Employed,12th,Married,Hyderabad,Mass,Personal,349022,36,5,0.229,Yes
CUST100063,38,1540407,784,Contract,Postgraduate,Single,Delhi,Mass,Personal,679061,24,2,0.401,Yes
CUST100282,43,458021,730,Salaried,Graduate,Single,Kolkata,premium,Home,289980,120,4,0.294,Yes
CUST100779,33,650000 INR,766,Contract,Diploma,Single,Delhi,Mass,Home,353083,84,4,N/A,Yes
CUST101038,21,1930321,817,Business,Postgraduate,Married,Pune,Affluent,Personal,373344,24,2,0.227,Yes
CUST100239,unknown,649401,601,Salaried,Graduate,Married,Chennai,Affluent,Education,641414,120,4,0.358,No
CUST100224,30,,761,Business,Graduate,Married,Delhi,Affluent,Personal,252283,72,,0.362,Yes
CUST100146,61,968615,807,Self employed,Graduate,Married,Kolkata,Mass,Home,882230,48,4,0.556,No
CUST101433,29,432912,768,Contract,Postgraduate,Single,Delhi,Affluent,Education,544096,60,5,0.15,Yes
CUST100374,38,708781,759,Self-Employed,Diploma,Married,Jaipur,Mass,Personal,174703,12,4,0.389,No
CUST101259,46,1384386,unknown,Contract,12th,Single,Jaipur,Affluent,Home,602903,84,7,0.181,No
CUST100119,32,1570137,,Self-Employed,Graduate,unknown,Chennai,Affluent,Auto,450226,48,3,0.529,Yes
CUST101335,46,775005,772,Contract,Postgraduate,Single,Bengaluru,Mass,Home,204197,60,9,0.238,Yes
CUST100251,29,567494,686,Salaried,Postgraduate,Married,Mumbai,Affluent,Auto,764082,84,4,0.107,Yes
CUST101480,40,439899,639,Contract,12th,Married,Delhi,Mass,Auto,366932,24,5,0.458,Yes
CUST100880,50,389369,752,Contract,12th,Married,Bengaluru,Affluent,Personal,212916,48,4,0.135,Yes
CUST101329,52,,668,Contract,Graduate,Single,Jaipur,Mass,Unknown,,60,4,0.271,Y
CUST100010,,379781,732,Salaried,Diploma,Married,Chennai,Premium,Home,772599,84,8,0.167,No
CUST100450,34,545909,674,Self-Employed,Diploma,Divorced,Chennai,PREMIUM,Education,569047,48,3,0.319,Yes
CUST100919,32,652589,748,Self-Employed,Graduate,Single,Mumbai,Premium,Personal,,60,4,0.454,No
CUST100709,43,889989,631,Business,Graduate,Married,Bengaluru,Premium,Personal,457839,60,,0.515,Yes
CUST100256,27,394260,,Self-Employed,Postgraduate,Divorced,Hyderabad,Premium,Business,,60,0,0.181,Yes
CUST100594,67,789082,682,Self-Employed,Postgraduate,Married,Pune,Mass,Business,917146,36,10,0.334,No
CUST100390,28,972897,632,Self-Employed,Postgraduate,Married,Chennai,Mass,Education,232201,120,8,0.122,Yes
CUST100995,45,399768,778,Business,Graduate,Single,Kolkata,Mass,Home,312937,120,3,0.084,pending
CUST101231,59,667841,617,Business,12th,Single,Bengaluru,Mass,Personal,992322,24,7,0.676,Y
CUST100558,62,1414606,686,Contract,Graduate,Divorced,Chennai,Mass,Business,319903,24,3,0.524,Yes
CUST101320,39,748729,665,Salaried,Postgraduate,Single,Kolkata,Mass,Home,,24,3,0.347,No
CUST100874,26,457957,666,Business,Graduate,Single,Kolkata,Mass,Home,644069,24,9,0.264,Yes
CUST100461,54,344860,791,Contract,Postgraduate,Married,Jaipur,SME,Business,440150,84,9,0.327,Yes
CUST100724,26,,697,Business,Other,Married,Jaipur,Mass,Business,455102,120,7,0.359,Yes
CUST101416,57,549078,635,Salaried,N/A,Single,Delhi,Affluent,Business,185995,72,5,0.251,Yes
CUST100145,67,465955,872,Contract,Postgraduate,Married,Pune,Mass,Home,529361,12,2,0.483,Yes
CUST100502,51,1207664,795,Contract,Postgraduate,Married,Chennai,Premium,Home,1785635,84,4,0.501,No
CUST101215,24,339993,636,Business,12th,Married,Jaipur,Affluent,Home,574817,48,,0.379,No
CUST100740,63,771615,836,Business,postgraduate,Married,Bengaluru,Mass,Personal,501278,12,1,0.107,No
CUST101419,61,757587,730,Business,Graduate,Married,Mumbai,Premium,Education,385632,60,5,0.404,Yes
CUST100869,41,405117,725,Contract,Postgraduate,Single,Kolkata,SME,Home,255203,72,4,0.454,No
CUST100732,40,830247,762,Contract,Graduate,Married,Kolkata,Mass,Business,316413,24,4,0.533,Yes
CUST100540,21,515687,769,Business,Diploma,Single,Kolkata,Premium,Auto,428903,60,2,0.24,Yes
CUST100178,28,429688,704,Business,12th,Single,Chennai,Premium,Business,592604,120,8,,No
CUST101482,21,597097,N/A,Self-Employed,Graduate,Single,Chennai,Mass,Home,190171,36,4,0.207,No
CUST100698,48,1048177,829,Salaried,Diploma,unknown,Bengaluru,Mass,Home,,48,6,0.68,Yes
CUST101369,66,480529,665,Contract,Graduate,Single,Hyderabad,Mass,Education,437069,36,3,0.395,NO
CUST101224,51,228240,692,Salaried,Other,Married,Bengaluru,premium,Personal,479407,84,4,0.423,Yes
CUST100911,57,361923,756,Self-Employed,Graduate,Single,Hyderabad,SME,Personal,,72,5,0.327,Yes
CUST100938,27,279293,699,Salaried,12th,Married,Pune,Mass,Personal,349525,72,8,0.188,Yes
CUST100103,58,372104,786,self-employed,Graduate,Divorced,Pune,Affluent,Home,154218,60,4,0.458,Yes
CUST100008,53,,751,Business,Graduate,Single,Jaipur,Mass,Home,439782,12,6,0.48,No
CUST101476,35,266652,666,Self-Employed,Graduate,Married,Delhi,Affluent,Home,628893,60,7,0.379,Yes
CUST100668,61,,,salaried,Postgraduate,Married,Mumbai,Mass,PERSONAL,674027,120,,0.53,Yes
CUST101189,47,518765,746,Contract,Graduate,Divorced,Bengaluru,Mass,Business,616461,24,5,0.224,Yes
CUST100358,62,2503371,655,Salaried,Graduate,Married,Pune,Mass,Business,288144,36,-5,0.212,NO
CUST100784,26,761669,,Salaried,Graduate,Married,Chennai,Affluent,Education,520272,72,5,0.108,Yes
CUST100736,52,,652,Contract,12th,Married,Kolkata,Mass,Home,925781,36,,0.189,Yes
CUST100330,47,801895,746,Salaried,Graduate,Single,Kolkata,Mass,Personal,259262,36,1,0.276,Yes
CUST101076,28,555927,753,Business,Postgraduate,Single,Hyderabad,Affluent,Home,848472,72,3,0.379,No
CUST101177,-3,25000000,659,Business,,Single,Delhi,Affluent,Auto,623885,120,5,0.257,Yes
CUST101449,55,100,607,Business,Postgraduate,Married,Hyderabad,Mass,Business,268005,84,4,0.367,No
CUST100259,29,329273,762,Self-Employed,Graduate,Married,Delhi,Mass,Personal,281541,12,6,0.095,Yes
CUST100916,42,1093938,645,Business,Other,Single,Bengaluru,Mass,Home,609115,48,3,0.382,No
CUST101204,56,1117543,654,Contract,Graduate,Married,Bengaluru,Affluent,Education,253121,84,8,0.499,Yes
CUST100373,40,951976,744,Contract,Graduate,Single,Delhi,Affluent,Auto,704641,84,3,0.124,No
CUST101129,47,540443,748,Contract,Graduate,Married,Jaipur,Affluent,Business,101418,48,6,0.334,Yes
CUST100963,60,502112,671,Business,Postgraduate,Married,Jaipur,Premium,Unknown,1150155,48,2,0.294,Yes
CUST100143,33,632029,693,Salaried,Diploma,Divorced,Jaipur,Premium,Auto,322527,48,8,0.41,No
CUST100526,35,671562,787,Salaried,Graduate,Married,Pune,Mass,Personal,592402,120,6,0.271,Yes
CUST101165,45,247939,710,Salaried,Post Graduate,Single,Chennai,Mass,Business,540042,48,80,0.638,Yes
CUST100233,21,817447,749,salaried,,Married,Mumbai,mass,Education,234889,72,13,0.362,Yes
CUST101316,35,925796,632,,Graduate,Married,Bengaluru,SME,Home,212196,24,3,0.491,No
CUST101458,42,829383,N/A,Unknown,Graduate,Married,Bengaluru,Affluent,Home,389913,12,4,0.041,Yes
CUST100441,66,367667,652,Business,GRADUATE,Single,Pune,Premium,Personal,,60,7,0.182,Yes
CUST100532,28,1346189,691,Self-Employed,12th,Married,Chennai,Mass,Home,281858,120,4,0.256,Yes
CUST101232,55,731246,759,Business,12th,Married,Mumbai,Affluent,Auto,646287,36,2,0.64,Yes
CUST100227,,763701,692,Self-Employed,Postgraduate,Single,Mumbai,SME,Auto,288530,12,5,0.439,Yes
CUST101252,40,561021,696,Contract,Graduate,Single,Mumbai,Affluent,Home,359151,24,-5,0.041,Yes
CUST100229,46,781142,763,Contract,12th,Married,Chennai,Mass,Education,193877,48,6,,No
CUST101312,37,512914,703,Self-Employed,Graduate,Married,Delhi,Affluent,Personal,900031,36,9,0.322,Yes
CUST101330,37,379158,750,Self-Employed,postgraduate,Married,Kolkata,Affluent,Auto,,48,0,0.321,Yes
CUST100213,58,1137195,652,Self-Employed,Diploma,Single,Delhi,Mass,Home,695631,60,11,,Yes
CUST100886,55,1247467,718,Contract,12th,Married,Jaipur,Affluent,Business,346376,36,6,0.407,No
CUST100080,52,662255,696,Business,Graduate,Divorced,Chennai,SME,Business,645914,84,4,0.224,No
CUST100149,59,490896,720 points,Business,Graduate,Married,Mumbai,Mass,Education,"₹5,00,000",72,3,0.217,Yes
CUST100815,57,1704752,783,Business,Other,Married,Pune,SME,Personal,384348,48,2,0.107,Yes
CUST100941,53,2044093,712,Contract,Graduate,Married,Jaipur,Mass,Personal,938022,72,4,0.128,No
CUST100950,34,464799,641,Self-Employed,Graduate,Married,Chennai,Affluent,Business,521125,120,7,0.238,Y
CUST100672,49,1320970,741,Salaried,Graduate,Married,Hyderabad,Affluent,Home,234655,48,4,0.748,Yes
CUST101287,63,621266,704,Salaried,Postgraduate,Single,Chennai,Affluent,Auto,433516,24,4,0.461,Yes
CUST100556,105,657328,878,Business,Diploma,Married,Mumbai,High Value,Education,694953,24,3,0.261,Yes
CUST100945,27,1151521,675,,Postgraduate,Married,Kolkata,Mass,Business,366082,12,1,0.421,Yes
CUST100134,47,659771,727,Salaried,Postgraduate,Married,Bengaluru,Premium,Home,393874,12,2,0.261,Yes
CUST101134,56,897477,665,self-employed,Postgraduate,Married,Bengaluru,Affluent,auto,712259,120,3,0.363,No
CUST100824,51,618064,250,Contract,Graduate,Single,Hyderabad,Mass,Personal,183673,12,2,0.335,No
CUST100409,64,100,664,Contract,Graduate,MARRIED,Delhi,Mass,Personal,953452,48,,0.388,Yes
CUST100369,22,889385,734,Business,Graduate,Single,Kolkata,Affluent,Auto,1636507,48,2,0.324,Yes
CUST100508,32,,0,Contract,12th,Single,Bengaluru,SME,Business,525860,24,3,,1
CUST101211,50,284797,615,Business,Postgraduate,Married,Bengaluru,Mass,Personal,268544,120,4,0.387,Yes
CUST100505,33,421804,,Self-Employed,Graduate,Single,Jaipur,SME,Auto,,120,3,0.418,Yes
CUST101365,47,1061807,734,Contract,Graduate,Single,Kolkata,SME,Home,500,120,6,0.366,Yes
CUST100348,64,808664,742,Salaried,Diploma,Single,Delhi,PREMIUM,Home,526105,24,9,0.14,Yes
CUST100387,N/A,339062,653,Business,Other,Married,Pune,Mass,Personal,450000 INR,24,6,N/A,Yes
CUST100001,25,620674,721,,Diploma,Married,Mumbai,Affluent,Home,936168,36,,,No
CUST101132,52,726318,741,Business,Diploma,M,Delhi,Affluent,Personal,198916,24,5,0.371,Yes
CUST100361,60,730678,654,Salaried,Postgraduate,Single,Hyderabad,Affluent,Auto,711584,36,7,0.458,Yes
CUST100895,56,469420,733,Salaried,Postgraduate,Divorced,Kolkata,SME,Auto,737458,24,7,0.381,Yes
CUST100829,61,,770,Self-Employed,Diploma,Divorced,Bengaluru,Affluent,Home,406374,36,2,0.614,Yes
CUST101450,25,483576,723,Self-Employed,Postgraduate,Divorced,Mumbai,Affluent,Personal,315650,36,7,9,Yes
CUST100476,,1665707,774,Self-Employed,Graduate,Married,,SME,Home,363521,72,150,0.481,Yes
CUST101313,57,892052,796,Salaried,Graduate,Married,Kolkata,Affluent,Auto,228269,36,5,0.424,NO
CUST100058,28,,832,Self-Employed,,Married,Pune,Affluent,Personal,500,24,6,0.209,Yes
CUST100638,34,509567,723,Self employed,12th,Married,Hyderabad,Premium,Home,779799,120,5,0.02,Yes
CUST101339,57,486709,,Self-Employed,Diploma,Married,Kolkata,Affluent,Auto,631223,84,6,0.441,Yes
CUST101074,45,562621,749,Salaried,Postgraduate,Married,Bengaluru,Affluent,Business,962750,36,3,0.405,Yes
CUST100991,37,491819,718,Salaried,Postgraduate,Single,Jaipur,SME,Auto,,84,,0.366,Yes
CUST100173,57,534294,612,Business,Graduate,Married,,Premium,Education,1384023,24,6,0.256,Yes
CUST100451,66,,758,salaried,Postgraduate,Single,Pune,Mass,Business,189614,60,3,0.02,Yes
CUST100126,N/A,774641,655,Self-Employed,Diploma,Married,Kolkata,Premium,Business,241207,84,6,0.129,No
CUST101420,43,1189570,632,Self-Employed,Diploma,Married,Jaipur,Mass,Personal,306220,24,5,,Yes
CUST100531,49,1034089,739,Business,Graduate,Divorced,Jaipur,Affluent,Auto,263684,36,5,0.356,No
CUST100858,23,1065061,608,Salaried,Diploma,Married,Bengaluru,Affluent,Home,915147,120,4,0.499,Yes
CUST100714,56,,780,Self-Employed,Other,Single,Kolkata,Mass,Auto,1135388,36,4,,Yes
CUST100091,41,589911,766,Contract,Graduate,Single,Hyderabad,Premium,Education,176113,72,3,0.183,Yes
CUST101486,61,564356,701,Self-Employed,Diploma,Married,Chennai,Mass,Auto,368919,120,6,0.34,No
CUST100182,28,682797,776,Self-Employed,Graduate,Married,Pune,Premium,Education,659266,60,4,0.739,Yes
CUST100876,44,807700,0,Business,Postgraduate,Married,Hyderabad,Mass,Home,272420,60,5,0.353,Yes
CUST101036,55,879009,736,Salaried,Postgraduate,Married,Jaipur,Premium,Home,638055,24,3,0.45,Yes
CUST100787,22,236399,593,Business,Postgraduate,Single,Jaipur,Mass,Education,1202745,72,3,0.275,Yes
CUST100415,21,600524,786,Self-Employed,Graduate,Married,N/A,Affluent,Home,415629,60,4,0.292,Yes
CUST100252,44,617701,688,Business,Postgraduate,Single,Pune,Mass,Auto,98898,72,4,0.503,Yes
CUST100070,43,604540,120,SALARIED,12th,Single,Jaipur,Affluent,Home,1603055,12,6,0.334,No
CUST100804,64,593803,668,Self-Employed,Postgraduate,Single,Hyderabad,SME,Home,630883,120,3,0.51,Yes
CUST100132,47,513830,754,Salaried,12th,Married,,SME,Education,269026,120,4,0.42,No
CUST100301,38,765181,702,,Postgraduate,Divorced,Delhi,Affluent,Home,365042,36,1,0.248,Yes
CUST101247,61,728800,799,Contract,Postgraduate,Married,Kolkata,Mass,Home,302677,120,7,0.373,No
CUST100327,32,502148,696,Business,Graduate,Married,Pune,Affluent,Business,1123364,84,7,0.4x,Yes
CUST101500,60,318589,732,Contract,Graduate,Single,Delhi,Affluent,Home,555293,24,3,0.388,No
CUST101139,55,785086,652,Self-Employed,Graduate,Divorced,Pune,Mass,Education,256754,12,6,0.357,Yes
CUST100500,41,,648,Self-Employed,GRADUATE,Married,Kolkata,Mass,Personal,409755,120,6,0.367,Yes
CUST100342,34,1306251,718,Salaried,12th,Married,MUMBAI,Affluent,Business,772292,72,3,0.48,No
CUST100833,42,491640,659,Self-Employed,12th,Married,Delhi,Mass,Business,275008,120,6,0.084,Yes
CUST100365,26,685372,744,Self-Employed,Graduate,Married,Hyderabad,Mass,Auto,598594,36,5,0.332,Yes
CUST100496,40,335468,719,Contract,Postgraduate,Married,Bengaluru,Mass,Business,274975,120,9,0.335,Yes
CUST101429,33,545701,,Business,Graduate,Married,Pune,Affluent,Education,,60,5,0.141,Yes
CUST100339,30,687993,804,Contract,Postgraduate,Married,Jaipur,Mass,Auto,,48,6,0.401,Yes
CUST100422,,213483,710,Self-Employed,12th,Single,Pune,Mass,Education,1446865,72,4,0.238,Yes
CUST100165,40,384590,757,Self-Employed,Postgraduate,Single,Bengaluru,Premium,Personal,1324826,48,3,0.343,Yes
CUST100029,46,543782,712,Self-Employed,Diploma,Married,Bengaluru,Affluent,Business,329333,36,2,0.414,Yes
CUST100517,62,658348,656,Salaried,,Married,Mumbai,Affluent,Education,307171,24,6,0.645,Yes
CUST100194,38,482187,626,Business,Graduate,Married,Hyderabad,Mass,Auto,507836,72,6,0.172,No
CUST101010,45,661813,625,Contract,Postgraduate,Married,Bengaluru,Premium,Auto,518091,72,2,0.371,Yes
CUST101396,48,573956,768,Salaried,Postgraduate,Married,Delhi,SME,Education,649516,24,150,0.417,Yes
CUST100946,,465350,736,Business,Graduate,Married,Mumbai,Affluent,Business,388797,48,1,0.44,Yes
CUST101395,31,822112,600,Salaried,Postgraduate,Single,Hyderabad,Mass,Business,292510,84,10,0.367,approved
CUST100170,12,286878,712,Business,12th,Married,Jaipur,Premium,Auto,416925,36,7,0.241,Yes
CUST100168,28,528440,756,Salaried,Graduate,Married,Hyderabad,Mass,Auto,538617,120,4,0.231,NO
CUST100653,30,50,648,Salaried,Graduate,Single,Delhi,Affluent,Education,782902,120,4,0.314,No
CUST100174,54,662149,734,Business,Graduate,Married,Delhi,Mass,Business,484599,36,4,0.153,Yes
CUST100519,43,874545,867,Business,Graduate,Married,Hyderabad,Premium,Personal,221790,84,6,0.537,0
CUST101244,44,580349,629,Salaried,Graduate,Married,Mumbai,Premium,Auto,948864,36,4,0.355,No
CUST101210,,923839,764,Salaried,Graduate,Single,Mumbai,Premium,Personal,,84,9,0.537,yes
CUST100913,38,697165,718,Business,Graduate,Married,Hyderabad,Mass,Personal,551306,36,7,0.537,Yes
CUST100492,61,513996,759,Business,Graduate,married,,Mass,Education,330721,60,6,0.221,Yes
CUST100954,41,806725,717,Salaried,Graduate,Single,Chennai,SME,Business,148574,72,4,0.273,Yes
CUST100074,27,784290,689,Business,Graduate,Single,Kolkata,Affluent,Education,154936,60,,0.381,Yes
CUST101285,38,331183,725,Business,Graduate,Single,Jaipur,Mass,Business,196656,72,N/A,0.508,Yes
CUST100588,25,1174697,596,Self-Employed,Graduate,Married,Mumbai,Mass,Business,394189,60,6,,0
CUST100751,66,685073,779,Contract,Graduate,Divorced,Kolkata,SME,Business,548155,84,8,0.251,Yes
CUST100658,50,707727,682,Salaried,Graduate,Married,Chennai,Mass,Home,,48,7,0.376,approved
CUST100843,63,439227,868,Contract,Graduate,Divorced,Pune,Mass,Auto,490158,48,4,0.495,Yes
CUST100235,44,461815,690,Salaried,Graduate,Married,Chennai,Mass,Personal,723365,48,3,,No
CUST100733,64,617985,697,Self-Employed,Postgraduate,Married,Jaipur,Mass,Business,408602,12,6,0.148,Yes
CUST100215,55,754149,700,Business,Graduate,Single,Pune,Mass,Business,176247,36,6,,Yes
CUST100163,40,381321,620,Contract,Graduate,Married,Mumbai,Mass,Education,,120,5,0.367,Yes
CUST100133,25,1005360,713,Contract,Diploma,Married,Delhi,Mass,Home,740244,12,8,0.275,Yes
CUST101212,57,,802,Business,Graduate,Married,Bengaluru,Mass,Personal,910950,60,3,0.352,No
CUST100223,54,822658,655,,Postgraduate,Single,Pune,Mass,Unknown,1139509,24,3,0.434,Yes
CUST101354,64,573308,711,salaried,Other,Married,Mumbai,Mass,Education,479681,60,5,0.285,No
CUST100935,41,580261,677,Salaried,Postgraduate,Single,Pune,Affluent,Auto,201898,48,3,0.579,Yes
CUST100186,41,80000000,613,Salaried,Diploma,Single,Delhi,Mass,Business,1775330,12,3,0.404,Yes
CUST100042,56,881787,666,Self-Employed,Graduate,Married,Hyderabad,Mass,Auto,298077,72,4,0.43,No
CUST100693,64,,715,Self-Employed,12th,Married,Pune,Affluent,Personal,,84,3,0.249,No
CUST100109,43,1164193,726,Contract,Graduate,Married,Hyderabad,Premium,Auto,297693,120,,0.385,No
CUST100039,34,883590,,Self-Employed,Other,Single,Mumbai,Affluent,Business,137090,36,2,0.606,Yes
CUST100569,51,1.2L,720 points,Business,Graduate,Married,Pune,Mass,Education,1237335,36,4,0.345,No
CUST101402,32,663943,676,Salaried,Postgraduate,Single,Bengaluru,Premium,Personal,,24,6,,Yes
CUST101299,45,859422,716,Business,postgraduate,Married,Delhi,SME,Business,371087,72,N/A,0.36,No
CUST101477,44,596110,672,Business,Graduate,Single,Bangalore,Mass,Business,,24,8,0.244,No
CUST100484,58,618825,789,Self-Employed,Graduate,Married,Pune,Premium,Business,351162,48,3,0.09,Yes
CUST100469,29,872354,795,Business,Postgraduate,Divorced,Hyderabad,Mass,Home,623033,60,3,0.304,Yes
CUST100891,25,,unknown,Salaried,Graduate,Married,Jaipur,Mass,Education,212574,36,8,,No
CUST100948,27,650624,677,Salaried,12th,Married,Mumbai,Premium,Education,323823,36,2,0.4x,No
CUST101037,63,1476966,675,Contract,Graduate,Married,Hyderabad,Mass,Auto,392216,120,5,N/A,Yes
CUST100885,59,559499,711,Business,12th,Married,Delhi,Mass,Education,305593,24,1,0.452,Yes
CUST101297,33,641297,743,,Graduate,Married,Jaipur,Mass,Auto,691511,24,2,0.082,Yes
CUST100851,67,657888,768,Self-Employed,Graduate,Married,Pune,Mass,Auto,959717,24,9,0.305,Yes
CUST100735,30,1314510,583,Business,Postgraduate,Single,Hyderabad,Mass,Home,518275,84,3,0.503,Yes
CUST100718,44,157319,,Salaried,Graduate,Married,Jaipur,Affluent,Business,247221,72,5,0.027,Yes
CUST100455,49,624058,700,Contract,Postgraduate,married,Chennai,Mass,Home Loan,818309,48,4,0.735,Yes
CUST100265,67,777962,709,Contract,,Single,Pune,SME,Home,632053,48,4,0.32,Yes
CUST100076,43,612828,773,Contract,Graduate,Married,Mumbai,Mass,Home,499974,24,7,0.516,Yes
CUST100445,44,405085,689,Business,Postgraduate,Single,Mumbai,Mass,Home,913308,24,7,0.636,Yes
CUST100396,62,675118,,Business,Graduate,Married,Pune,Mass,Home,642491,72,3,0.357,No
CUST100177,42,469883,688,Contract,Graduate,Single,Hyderabad,Affluent,Business,N/A,72,5,0.273,pending
CUST101343,26,740960,637,Business,Graduate,Married,Hyderabad,Affluent,Education,533937,60,10,0.449,Yes
CUST101156,-3,270249,677,Contract,Other,Married,Chennai,Mass,Education,220207,120,6,,No
CUST101380,46,1363553,802,Self-Employed,GRADUATE,Single,Bengaluru,Premium,Home,934987,60,7,0.554,Yes
CUST100596,58,1569262,682,Contract,Postgraduate,Married,Chennai,Premium,Education,404203,60,5,0.517,Yes
CUST100062,56,625594,716,Salaried,Postgraduate,Married,Jaipur,Mass,Auto,1864563,120,3,0.665,Yes
CUST100873,N/A,597964,773,Self-Employed,Postgraduate,Divorced,Chennai,Mass,Education,423359,84,3,0.605,No
CUST101147,45,587947,717,Unknown,Diploma,Divorced,Jaipur,Affluent,Auto,247574,60,5,0.175,No
CUST101441,57,506049,716,Contract,graduate,Married,Kolkata,Premium,Business,250027,84,4,0.331,Yes
CUST100279,24,N/A,681,Self-Employed,12th,Single,Chennai,Mass,Education,620669,72,,0.275,No
CUST100037,61,417784,736,,Graduate,Married,Jaipur,Mass,Auto,493952,72,6,,Yes
CUST100663,22,558136,762,Contract,Graduate,Married,Chennai,Affluent,Education,883750,84,,1.2,No
CUST101386,32,508356,765,Contract,Graduate,Married,Hyderabad,Affluent,Education,519298,72,6,0.554,Yes
CUST101111,50,930445,716,Contract,12th,Single,Jaipur,Affluent,Business,186497,120,3,0.537,No
CUST100978,47,2032016,702,Self-Employed,12th,Single,Bengaluru,Affluent,Education,1548978,60,6,0.331,No
CUST100739,55,1531381,726,Self-Employed,Postgraduate,Married,Chennai,Mass,Auto,312230,84,7,0.239,Yes
CUST100192,,786465,,Unknown,12th,Married,Mumbai,Affluent,Education,694396,12,1,,Yes
CUST100920,50,589431,837,Self-Employed,Graduate,Married,Kolkata,SME,Auto,102839,60,7,0.27,No
CUST100457,27,450891,812,Salaried,Diploma,Married,Kolkata,Affluent,Auto,564486,12,7,,Yes
CUST100676,55,1589039,,Self-Employed,Graduate,Married,Pune,Affluent,Auto,540361,84,2,0.159,Yes
CUST100761,29,806708,709,Contract,12th,Single,Kolkata,Affluent,auto,1226428,60,5,0.683,Yes
CUST101387,47,1273336,613,Self-Employed,12th,Single,Mumbai,Mass,Personal,382839,84,7,,Yes
CUST100729,43,561056,760,Salaried,Graduate,Married,Hyd,Mass,Business,551235,36,2,0.368,Yes
CUST100413,34,467670,,Business,Postgraduate,Married,Delhi,Mass,Personal,339136,60,5,0.213,Yes
CUST100826,25,580202,692,Business,Diploma,Married,Hyderabad,Mass,Education,1799467,72,6,0.505,No
CUST100617,,813933,749,Self-Employed,Graduate,Married,Delhi,Mass,Personal,500854,36,5,0.618,Yes
CUST100115,,452861,685,SALARIED,Graduate,Married,Chennai,Premium,Education,484639,48,5,0.26,Yes
CUST100418,26,661719,702,Business,Postgraduate,Single,Hyderabad,Affluent,Personal,115032,120,5,,Yes
CUST101463,23,265863,723,Business,Other,Single,Hyderabad,Mass,Personal,214834,120,0,0.397,Yes
CUST100970,,988353,631,Salaried,Graduate,Married,Pune,Premium,Education,413800,36,3,0.468,Yes
CUST100605,59,725443,716,Self-Employed,12th,Married,Hyderabad,Affluent,Home,994990,12,6,0.536,Yes
CUST101469,57,1706529,878,Salaried,12th,Single,Jaipur,Mass,Home,154346,36,5,0.403,Yes
CUST100090,60,721436,731,Self-Employed,12th,Married,,Affluent,Education,377552,84,2,35%,Yes
CUST100849,-3,,844,Business,Diploma,Married,Bengaluru,Premium,Business,3599535,48,8,0.639,Yes
CUST101173,39,376625,666,Salaried,Graduate,Divorced,Delhi,Affluent,Auto,184081,72,6,0.02,No
CUST101468,39,519116,742,Salaried,12th,Single,Delhi,Premium,Business,1069664,24,5,0.163,Yes
CUST100754,64,219636,679,Self-Employed,Postgraduate,Single,Bengaluru,Premium,Personal,321549,72,4,0.447,Yes
CUST100499,64,366207,779,Salaried,Graduate,Married,Mumbai,Affluent,Education,313383,60,4,,Yes
CUST100012,66,668438,648,Business,Postgraduate,Single,Hyderabad,Mass,Education,910478,60,N/A,0.619,No
CUST100397,,1120062,715,Business,graduate,Single,Hyderabad,Mass,Home,430901,60,8,0.351,No
CUST100285,41,650935,790,Contract,Postgraduate,Married,Bengaluru,Mass,Personal,407320,36,3,0.514,Yes
CUST101067,64,1106961,631,Contract,Postgraduate,Married,Bengaluru,SME,Auto,1191277,84,4,35%,No
CUST100691,67,531618,685,Self-Employed,Graduate,Married,Kolkata,Affluent,Home,696259,120,9,0.331,1
CUST101261,33,705476,684,Self-Employed,Graduate,Divorced,Delhi,Premium,Home,2366697,12,7,0.294,No
CUST101297,33,641297,743,,Graduate,Married,Jaipur,Mass,Auto,691511,24,2,0.082,Yes
CUST100690,57,831564,0,Business,Postgraduate,Married,Mumbai,Premium,Business,536613,60,5,0.534,Yes
CUST100852,58,584878,728,Business,Graduate,Divorced,Jaipur,Mass,Home,166170,24,7,0.354,Yes
CUST100160,57,641328,710,Contract,Graduate,Married,MUMBAI,Mass,Education,952986,60,7,0.096,Yes
CUST100896,49,unknown,761,Contract,postgraduate,Single,Kolkata,Mass,Education,739429,60,8,0.313,Yes
CUST101366,21,943850,841,Business,Diploma,Single,Chennai,Premium,Education,259426,36,6,0.332,Yes
CUST100258,25,533282,,Self-Employed,Postgraduate,Married,Kolkata,Mass,Home,894490,72,3,0.101,Yes
CUST100336,58,1317563,691,Salaried,Postgraduate,Single,Kolkata,Mass,PERSONAL,469137,48,4,0.394,No
CUST101442,45,413176,740,Business,12th,Married,Delhi,Premium,Education,807054,24,6,0.204,No
CUST101040,59,672346,694,Salaried,12th,Married,Hyderabad,Mass,Home,242525,72,8,0.532,Yes
CUST100516,25,444327,690,Salaried,Postgraduate,Married,Mumbai,Affluent,Auto,1075101,60,4,0.291,No
CUST101016,60,1008271,749,Salaried,Postgraduate,Single,Jaipur,Mass,Education,474693,120,3,0.459,Yes
CUST100769,27,760966,729,Self-Employed,Graduate,Married,Delhi,Mass,Education,731237,84,5,0.378,No
CUST101349,55,838576,745,Contract,12th,Single,Mumbai,Premium,Home,pending,36,4,0.309,Yes
CUST100762,46,851809,811,Salaried,Graduate,Single,Bengaluru,Affluent,Home,549233,60,5,0.385,Yes
CUST101382,,285436,865,Self-Employed,Postgraduate,Single,Hyderabad,Mass,Education,279654,60,6,0.74,Yes
CUST100522,27,401960,755,Business,Graduate,Divorced,Delhi,Mass,Business,,24,4,0.335,Yes
CUST100023,29,398247,629,Salaried,Graduate,Married,Bengaluru,Affluent,Auto,310076,120,5,,Yes
CUST100357,28,1224268,664,Salaried,Other,Divorced,Mumbai,Premium,Education,,120,2,0.206,Yes
CUST101304,63,628584,617,Salaried,Postgraduate,Married,Delhi,SME,Home,915641,12,4,0.342,Yes
CUST100341,50,603776,737,Business,Postgraduate,Single,Chennai,Mass,Home,379679,48,5,0.508,No
CUST100432,55,1031787,597,Self-Employed,12th,Single,Hyderabad,Premium,Home,361505,36,3,0.249,Yes
CUST100474,42,931719,692,Contract,Graduate,Single,Pune,premium,Education,346909,36,5,0.29,Yes
CUST100218,25,623153,732,Self-Employed,Graduate,Single,Pune,Mass,Home,N/A,72,5,0.423,Yes
CUST100912,29,,673,Self-Employed,postgraduate,Married,Delhi,Premium,Personal,1841125,48,6,0.413,Yes
CUST101235,50,720768,806,Self-Employed,,Single,Bengaluru,SME,Business,726078,48,7,0.285,Yes
CUST101012,58,640451,809,Self-Employed,Graduate,Married,Mumbai,Premium,Auto,513197,48,5,1.2,Yes
CUST101494,36,,720,Business,Postgraduate,Married,,Mass,Personal,515939,60,3,0.297,No
CUST100094,39,510338,718,Self-Employed,12th,Married,N/A,Affluent,Personal,1054205,48,,0.213,Yes
CUST101009,55,673269,753,Contract,Graduate,Married,Bengaluru,High Value,Auto,200521,60,7,0.221,No
CUST101071,52,293234,702,Business,Diploma,Married,Hyderabad,Mass,Education,602974,24,1,N/A,Yes
CUST101093,60,741295,704,Business,Graduate,Married,Hyderabad,PREMIUM,Business,428209,72,6,0.346,Yes
CUST100697,54,1895094,813,Salaried,12th,MARRIED,Chennai,Mass,Personal,551724,48,7,0.369,Yes
CUST101376,66,947307,870,Self-Employed,Graduate,Married,Jaipur,SME,Business,1527137,72,6,0.386,Yes
CUST100997,45,491178,633,Salaried,Graduate,Married,Hyderabad,Affluent,Auto,,36,5,0.569,Yes
CUST100154,34,669957,814,Self-Employed,12th,Single,Mumbai,Premium,PERSONAL,708213,60,8,0.45,Yes
CUST101100,41,573510,763,Contract,12th,Married,Chennai,Affluent,Auto,312852,36,7,0.02,No
CUST101332,54,361085,642,Business,12th,Single,Chennai,Affluent,Education,226898,48,3,0.36,No
CUST100869,41,405117,725,Contract,Postgraduate,Single,Kolkata,SME,Home,255203,72,4,0.454,No
CUST100790,21,₹720000,761,Contract,Diploma,Single,Mumbai,Affluent,Education,300141,120,10,0.149,Yes
CUST100581,25,666902,699,Salaried,Graduate,Married,Jaipur,Affluent,Business,1902720,36,4,0.484,Yes
CUST100704,29,1273522,675,Self-Employed,Postgraduate,Single,Mumbai,premium,Home,458900,24,5,0.396,Yes
CUST101291,31,80000000,747,Business,Graduate,Married,Kolkata,Mass,Home,290985,72,2,0.474,Yes
CUST100488,45,426157,538,Contract,Graduate,Single,Bengaluru,Affluent,Personal,457863,60,3,0.49,Yes
CUST100560,61,585413,,Business,Postgraduate,Married,Chennai,Mass,Education,391154,12,8,0.164,Yes
CUST101120,twenty five,421846,614,Self-Employed,Graduate,Single,Mumbai,Mass,Education,,72,9,0.468,No
CUST100802,35,173665,808,Salaried,Graduate,Single,Chennai,mass,Home,289009,72,9,0.462,No
CUST100513,60,368187,822,,Postgraduate,Married,Mumbai,Premium,Auto,307018,72,7,0.29,Yes
CUST100634,38,769879,730,Self-Employed,Postgraduate,Married,Hyderabad,Mass,Personal,462296,72,3,0.334,Yes
CUST101270,23,338341,700,Self-Employed,Diploma,Divorced,Kolkata,Mass,Home,154046,48,4,0.294,Yes
CUST101372,37,879265,799,Contract,12th,Married,Jaipur,Mass,Business,131454,84,6,0.331,Yes
CUST100791,25,671538,861,Contract,Diploma,Married,Chennai,Mass,Home,455260,84,7,0.317,Yes
CUST100117,22,555777,887,Business,Graduate,Married,Kolkata,SME,Business,976998,24,6,0.246,No
CUST100741,59,1031938,636,Business,Graduate,Single,Delhi,Mass,Auto,934422,72,4,0.249,Yes
CUST101082,67,803800,843,Contract,Graduate,Married,Mumbai,Mass,Auto,521072,12,9,0.382,Yes
CUST100831,32,306367,777,Business,Graduate,Single,Pune,Affluent,Education,1354922,24,3,0.252,No
CUST100120,26,553201,767,Business,Post Graduate,Married,Chennai,Premium,Personal,,60,4,,Yes
CUST100657,57,848855,633,Self-Employed,N/A,Married,Delhi,Affluent,personal loan,1590756,120,4,0.409,Yes
CUST100608,45,303172,834,Self-Employed,Postgraduate,Single,Mumbai,Mass,Home,,36,five,0.308,Yes
CUST100636,53,813005,813,Contract,Graduate,Married,Mumbai,Mass,Personal,127734,84,7,0.36,No
CUST100370,57,569157,754,Self-Employed,Graduate,Single,Pune,Premium,Home,451931,60,5,0.451,Yes
CUST100269,49,562120,800,Contract,Graduate,Single,Hyderabad,Affluent,Business,743459,36,7,0.146,Yes
CUST100656,46,774292,576,,Other,Single,Hyderabad,Affluent,Auto,293483,36,4,0.255,No
CUST100936,65,306350,667,Salaried,Graduate,Married,,Mass,Personal,468892,36,2,0.356,Yes
CUST100823,unknown,728298,660,Salaried,12th,Single,Kolkata,Affluent,Home,1328041,36,6,0.4x,Yes
CUST100867,59,210964,643,SALARIED,Graduate,Married,Bengaluru,Mass,Business,391085,48,5,0.172,Yes
CUST100047,41,676620,753,Business,Postgraduate,Married,Bengaluru,Mass,Home,1292191,36,6,0.323,Yes
CUST101323,46,1630865,705,Contract,Graduate,Single,Hyderabad,Affluent,Home,777920,12,7,0.594,Yes
CUST100992,46,218027,711,Contract,Diploma,Married,Jaipur,Affluent,Education,200391,84,6,0.416,No
CUST100877,46,758225,797,Self-Employed,Postgraduate,Married,Hyderabad,SME,Auto,595778,24,5,0.517,Yes
CUST100774,54,388602,863,Contract,N/A,Married,,Affluent,Auto,295354,84,5,0.382,Yes
CUST101294,,646827,782,Business,Other,Single,Mumbai,Affluent,Personal,324249,120,10,0.349,0
CUST100005,41,417376,647,Self-Employed,Graduate,Married,Chennai,Mass,Home,472719,60,3,0.02,No
CUST101004,,1635962,601,Contract,12th,Single,Delhi,Mass,Education,87016,72,8,0.488,Yes
CUST101334,58,2561998,609,Salaried,Other,Single,Jaipur,Affluent,Business,457945,84,9,0.442,Yes
CUST100264,64,925239,713,Self-Employed,Diploma,Single,Chennai,Affluent,Education,1031450,24,6,0.123,Yes
CUST101213,12,429509,694,Salaried,Diploma,Single,Chennai,Mass,Education,909682,12,10,0.382,Yes
CUST101404,36,671460,780,,Graduate,Married,Kolkata,Premium,Personal,,72,3,0.2,No
CUST100444,43,315278,250,Self-Employed,Graduate,Married,Bengaluru,Affluent,Business,700803,36,8,0.336,No
CUST101003,47,₹720000,612,Contract,Graduate,Married,Jaipur,Affluent,Home,413583,84,5,N/A,No
CUST101078,28,605405,711,Contract,Graduate,Single,Kolkata,Affluent,Business,493332,120,12,0.178,1
CUST100838,30,941344,686,Contract,Postgraduate,Single,Jaipur,Mass,Education,249287,36,5,0.324,No
CUST101374,40,962928,743,Salaried,Other,Married,Chennai,Affluent,Unknown,,12,7,0.67,Yes
CUST100305,46,236312,832,Salaried,12th,Married,Chennai,Affluent,Personal,246922,36,6,0.476,Yes
CUST101203,67,,781,Self-Employed,,Single,mumbai,Mass,Business,467434,12,2,0.244,Yes
CUST100314,34,820447,724,Self-Employed,Postgraduate,Married,Bengaluru,SME,Business,843233,12,6,0.506,Yes
CUST100150,23,635626,764,Contract,Graduate,Married,Delhi,SME,Personal,884887,36,3,0.378,No
CUST101149,53,544027,734,Contract,Graduate,Married,Jaipur,Mass,Auto,955331,24,5,0.375,No
CUST100575,21,735566,783,Salaried,Graduate,Single,Delhi,SME,Personal,148059,12,7,0.366,Yes
CUST100051,56,1490535,,Contract,Graduate,MARRIED,Mumbai,Mass,Education,494707,60,3,0.339,Yes
CUST101200,50,321566,791,N/A,Graduate,Married,Kolkata,Affluent,Unknown,320010,36,5,,No
CUST100727,54,1984945,814,,Graduate,Single,Mumbai,Premium,Auto,450722,120,6,0.279,No
CUST100834,27,545415,710,Salaried,postgraduate,Married,Hyderabad,Mass,Education,183648,12,7,0.096,Yes
CUST101116,44,678032,698,Business,Graduate,Married,Bengaluru,Affluent,Personal,322215,84,6,0.29,Yes
CUST101167,22,390124,714,Business,12th,Single,Bengaluru,Mass,Auto,2717454,12,3,0.771,No
CUST100471,55,1355907,636,Business,Graduate,Single,Kolkata,Premium,Home,156009,72,4,0.366,Yes
CUST100972,40,305564,664,Salaried,Other,Married,Kolkata,Mass,Business,401614,48,,9,No
CUST100654,58,,598,Business,Postgraduate,Single,Delhi,Mass,Business,385385,36,4,0.411,Yes
CUST100400,35,₹720000,818,Self-Employed,12th,Married,Hyderabad,Mass,Home,869924,72,2,0.357,No
CUST100512,56,379192,634,Salaried,Graduate,Married,Delhi,Premium,Business,631136,24,3,0.095,No
CUST100321,36,411033,745,Business,Diploma,Married,Bengaluru,Premium,Education,3433241,24,4,0.02,Yes
CUST100020,42,221027,696,Self-Employed,GRADUATE,Married,Hyderabad,Affluent,Personal,381170,60,4,0.594,Yes
CUST100685,28,491892,690,Salaried,Graduate,Single,Kolkata,Mass,Education,1690297,120,2,0.321,Yes
CUST100036,23,1121336,642,Business,Diploma,Married,Hyderabad,Affluent,Home,1422422,48,2,0.482,Yes
CUST100903,31,936981,758,Business,Graduate,Married,Pune,Affluent,Auto,"₹5,00,000",48,5,0.382,Yes
CUST100828,63,442047,747,Salaried,Graduate,Divorced,Delhi,Mass,Business,,60,150,0.449,No
CUST101379,44,272888,605,Contract,Postgraduate,Married,Pune,premium,Home,684464,60,3,0.21,NO
CUST100408,27,619999,806,Self-Employed,Graduate,Married,,PREMIUM,Education,752746,12,7,0.148,No
CUST100921,62,320806,703,,Postgraduate,Single,Bengaluru,Premium,Home,369670,48,8,0.517,No
CUST100538,26,638087,736,Self-Employed,Other,Divorced,Bengaluru,Premium,Education,885510,24,6,0.447,Yes
CUST100759,27,538855,677,Business,Graduate,Single,Bengaluru,Affluent,Education,348822,84,1,,Yes
CUST101063,27,201847,680,Contract,Graduate,Married,Mumbai,Premium,Personal,107533,72,5,N/A,No
CUST100246,24,,667,Contract,Graduate,Married,Jaipur,Premium,Auto,508011,48,3,0.234,N
CUST101128,50,380005,726,Self-Employed,Postgraduate,Single,Pune,Premium,Home,,72,4,0.372,Yes
CUST100785,43,587185,699,Contract,graduate,Divorced,Pune,Affluent,Personal,955221,84,4,0.4x,No
CUST100490,49,749778,708,Business,Graduate,Single,Kolkata,Affluent,Personal,,72,4,0.104,No
CUST100155,41,262129,693,Self-Employed,Graduate,Married,Chennai,Affluent,Home,50000000,84,10,0.202,Yes
CUST100962,40,397333,622,,Graduate,Single,Pune,mass,Business,415951,60,4,0.431,Yes
CUST100854,32,645976,763,Contract,Graduate,Married,hyderbad,Mass,Home,187389,48,-5,0.228,Yes
CUST100626,31,1969820,650,Self-Employed,Graduate,Married,,Mass,Unknown,619482,60,6,0.618,No
CUST100686,58,907247,718,Self-Employed,Graduate,Single,Chennai,Mass,Education,386636,12,5,0.468,Yes
CUST100570,47,965444,687,,Postgraduate,Married,Chennai,Premium,Personal,715932,84,6,0.176,Yes
CUST101461,58,1799243,676,Self-Employed,12th,Married,Pune,Affluent,Home,309624,60,8,0.316,No
CUST100018,27,957510,709,Self-Employed,graduate,Married,Jaipur,unknown,Personal,772383,48,6,0.45,Yes
CUST100128,56,978078,672,Self-Employed,Other,Single,Chennai,Premium,Personal,673346,72,7,0.177,Yes
CUST100583,26,872901,769,Self-Employed,12th,Married,Pune,Mass,Business,916271,60,4,0.292,Yes
CUST100928,35,1139507,708,Contract,,Single,Bengaluru,Mass,Education,370246,36,unknown,0.435,No
CUST100981,48,378250,679,Salaried,Postgraduate,Married,Bengaluru,Affluent,Business,300580,48,3,0.665,No
CUST100986,,1620302,694,Business,Postgraduate,Single,Delhi,Affluent,Business,183992,12,7,0.171,No
CUST100191,53,453108,659,Contract,Postgraduate,Divorced,Pune,Premium,Auto,375639,36,7,0.177,No
CUST101140,46,332430,725,Business,Graduate,Single,Pune,Affluent,Auto,268535,72,5,0.213,No
CUST100993,30,884169,759,Self-Employed,Postgraduate,Single,Kolkata,Mass,Business,608754,12,2,0.411,No
CUST101499,42,475956,743,Contract,Graduate,Married,Pune,Premium,Home,349773,72,2,0.115,Yes
CUST101359,25,230924,750,Self-Employed,Postgraduate,Married,Jaipur,Affluent,Personal,764144,24,6,0.388,Yes
CUST100607,36,748133,829,Self-Employed,Graduate,Married,Kolkata,Mass,Home,842726,60,2,0.497,No
CUST100181,65,783699,687,Salaried,Graduate,Married,Chennai,Mass,Business,398890,60,3,0.297,Yes
CUST100302,59,,250,Contract,Graduate,Married,Pune,Mass,Personal,625206,84,5,0.252,Yes
CUST100497,26,272565,722,Self-Employed,Graduate,Single,Delhi,Mass,Auto,497715,60,6,0.417,Yes
CUST101324,62,450574,740,Contract,Graduate,Single,Pune,Premium,Auto,414429,84,3,unknown,No
CUST101288,32,381353,743,Contract,Postgraduate,MARRIED,Hyderabad,Affluent,Auto,480489,120,7,0.183,Yes
CUST101492,44,1040205,756,Salaried,Graduate,Single,Bengaluru,Mass,Business,528778,120,4,,No
CUST100518,24,854768,700,Contract,Other,Married,Chennai,Premium,Business,329827,48,5,0.169,Yes
CUST101070,21,1058301,651,SALARIED,Diploma,Single,Hyderabad,SME,Business,882768,36,1,0.285,Yes
CUST100477,60,360515,746,Business,Postgraduate,Single,Bengaluru,Mass,Education,477091,36,6,0.691,No
CUST100158,47,584588,672,Salaried,Postgraduate,Single,,Affluent,Business,544848,36,6,0.58,No
CUST101196,50,150522,719,Self-Employed,Diploma,Married,Mumbai,Affluent,Home,305572,60,4,0.267,Yes
CUST100017,45,944165,713,Self-Employed,Graduate,Single,Jaipur,SME,Home,403100,120,4,0.581,No
CUST101073,56,741308,684,Salaried,Graduate,MARRIED,Kolkata,Mass,Business,243872,72,11,0.359,Yes
CUST100644,43,983121,905,Contract,Graduate,Single,Jaipur,Mass,Personal,463446,120,4,0.177,Yes
CUST100547,41,435139,602,Salaried,Postgraduate,Single,Bengaluru,Affluent,personal loan,565545,84,5,N/A,Yes
CUST100659,24,747522,663,Salaried,Postgraduate,Married,MUMBAI,Mass,Home,97330,12,3,0.256,Yes
CUST101284,58,733526,250,Business,Graduate,Married,Pune,Affluent,Personal,204868,120,6,0.449,No
CUST101020,26,685687,644,Contract,Other,Single,Bengaluru,Affluent,Home,802506,24,6,0.582,Yes
CUST101289,25,1150082,,Business,12th,Married,Bengaluru,Affluent,Education,445517,48,6,0.02,No
CUST100960,40,568092,739,Contract,Graduate,Married,Pune,Affluent,Business,289734,24,3,0.371,Yes
CUST101444,41,880962,735,Salaried,Postgraduate,Married,Jaipur,SME,Personal,599411,36,6,0.267,Yes
CUST100284,44,881169,745,Contract,12th,Married,Hyderabad,Affluent,Education,546837,120,10,0.359,Yes
CUST100798,42,1220169,781,Contract,12th,Single,Delhi,Affluent,Auto,797396,48,7,0.233,Yes
CUST100226,35,547979,876,Self-Employed,12th,Married,Mumbai,Mass,Business,346289,48,6,0.214,Yes
CUST100027,39,1540431,617,Business,Other,Single,Hyderabad,Affluent,Education,184043,12,5,0.484,Yes
CUST100438,64,1318157,656,N/A,Postgraduate,Married,Pune,Affluent,Personal,361263,24,4,0.252,Yes
CUST101493,22,1208315,706,Self-Employed,Postgraduate,Single,,Mass,Personal,452739,120,5,0.544,Yes
CUST100230,29,112813,766,Contract,Graduate,Married,Bengaluru,Mass,Auto,418685,36,4,0.481,Yes
CUST100038,59,979832,730,Business,Graduate,Divorced,Jaipur,Premium,Personal,268980,72,N/A,0.311,Yes
CUST100750,28,278248,713,Salaried,Other,Married,Mumbai,Affluent,Education,3224853,24,80,0.463,Yes
CUST101046,5,606507,739,Contract,12th,Married,,Mass,Business,203953,60,,0.4x,Yes
CUST100470,64,607467,597,,Postgraduate,Single,Mumbai,Mass,Auto,1140799,24,6,0.635,No
CUST101311,twenty five,1217958,812,Self-Employed,Diploma,Married,Kolkata,Mass,Personal,1009545,24,3,0.44,Y
CUST101145,36,747039,745,Salaried,Graduate,Single,Jaipur,Mass,Auto,1127779,24,3,0.629,Yes
CUST100688,48,888746,716,Salaried,Postgraduate,Single,Chennai,Mass,Auto,475325,12,4,0.246,Yes
CUST101413,32,542134,675,Contract,12th,Married,,Mass,Personal,84777,36,8,0.454,Yes
CUST100640,65,575403,seven hundred,Business,Postgraduate,Single,Delhi,Mass,Personal,965337,120,5,0.415,Yes
CUST101327,52,892463,815,Salaried,Other,Single,Jaipur,Mass,Education,494923,120,2,0.293,Yes
CUST101219,59,469600,697,Contract,Graduate,Married,Kolkata,Affluent,Business,500,48,7,35%,Yes
CUST101159,39,1288366,655,Business,Graduate,Single,Chennai,Mass,Personal,1352404,36,5,0.172,No
CUST101282,55,472176,797,Self-Employed,Postgraduate,Single,Bengaluru,Premium,personal loan,859294,84,,0.227,No
CUST101398,N/A,684432,672,Self-Employed,Postgraduate,Divorced,Bengaluru,Mass,Education,425649,48,3,0.139,Yes
CUST100801,21,353656,639,salaried,Graduate,Single,Pune,Mass,Auto,257708,84,8,0.147,No
CUST100161,,724326,698,Salaried,Postgraduate,Married,Kolkata,Affluent,Auto,550045,24,6,0.674,No
CUST100957,39,1044682,769,Contract,Graduate,Married,Delhi,Premium,Home,750048,120,8,0.421,Yes
CUST101187,27,660178,759,Business,,Married,hyderbad,mass,Auto,444066,12,3,0.456,Yes
CUST100822,52,972758,708,Salaried,Graduate,Married,Kolkata,Mass,Personal,358966,60,3,0.386,Yes
CUST101303,53,691829,696,Self-Employed,Graduate,Married,Kolkata,Mass,Business,,84,6,0.341,Yes
CUST100878,56,728874,674,Self-Employed,Diploma,Married,Chennai,Premium,Education,62962,48,3,0.188,No
CUST100914,67,644706,676,Contract,Postgraduate,Married,Chennai,SME,Home,100,60,2,0.29,No
CUST100153,64,920234,708,Contract,Graduate,Married,Delhi,Affluent,Auto,550493,24,5,0.55,Yes
CUST101408,62,505507,658,Business,Diploma,Divorced,Chennai,Mass,Auto,204746,12,6,0.348,No
CUST100510,32,852985,637,Business,Postgraduate,Married,Mumbai,Premium,Auto,,120,6,0.354,Yes
CUST101136,23,466307,547,Business,Postgraduate,Married,Jaipur,Affluent,Education,123020,36,3,0.317,Yes
CUST101251,,580432,619,Contract,12th,Married,Jaipur,Affluent,Education,208996,60,5,0.542,Yes
CUST101290,50,,,Contract,Other,Single,Jaipur,Mass,Business,216487,36,5,0.22,No
CUST100104,21,235328,716,Business,Diploma,Married,Chennai,Affluent,Auto,147330,12,5,0.226,Yes
CUST100587,53,402901,822,Self-Employed,12th,Single,Chennai,Mass,Auto,,36,7,0.221,No
CUST101361,24,790337,755,Salaried,Diploma,Married,Chennai,SME,Home,1123407,36,8,0.112,No
CUST101144,60,1062670,657,Contract,12th,Single,Mumbai,SME,Auto,299588,48,1,0.34,Yes
CUST100054,42,1242987,771,Self-Employed,12th,Single,N/A,Mass,Education,462912,48,1,0.117,Yes
CUST100152,34,400688,700,Business,Graduate,Single,Jaipur,Affluent,Education,2444111,60,6,0.494,Yes
CUST100404,66,,728,Salaried,Post Graduate,Single,Chennai,Affluent,Personal,632757,84,4,0.528,Yes
CUST101490,44,527715,698,Business,Graduate,Married,Pune,Mass,Home,294420,60,7,0.688,No
CUST100208,66,unknown,679,Business,Postgraduate,Married,Pune,Mass,Personal,,36,5,0.392,Yes
CUST101471,63,,760,,Graduate,Married,Hyderabad,Affluent,Business,521088,60,2,0.44,No
CUST101123,33,,820,Self-Employed,Graduate,Single,MUMBAI,Premium,Personal,1013583,12,7,0.324,Yes
CUST101351,23,551554,760,self-employed,Postgraduate,Married,Mumbai,Mass,Home,,48,6,0.094,No
CUST100009,30,376040,851,Contract,Postgraduate,Married,Hyderabad,Affluent,Auto,358832,24,6,0.512,No
CUST101015,45,507272,685,Self-Employed,Graduate,Single,Pune,Mass,Home,322900,120,7,0.397,No
CUST101378,56,441775,120,Self-Employed,Graduate,Single,Bengaluru,Mass,Business,1153676,60,2,0.564,Yes
CUST101061,57,958516,823,Contract,12th,Married,Bengaluru,Premium,Education,909625,36,3,0.104,Yes
CUST100453,44,614537,0,Salaried,Graduate,Married,Jaipur,Mass,Business,328075,60,4,0.377,N
CUST100254,36,873967,751,Salaried,Postgraduate,Single,Kolkata,Mass,Home,,72,3,0.596,Yes
CUST100897,44,2632817,674,Business,Graduate,Married,Hyderabad,Mass,Personal,847928,12,N/A,0.114,Yes
CUST101341,46,324540,759,Contract,12th,Single,Bengaluru,Affluent,Auto,299352,120,4,0.429,Yes
CUST100881,25,633084,652,Self-Employed,N/A,Married,Pune,Affluent,Business,983744,72,4,0.527,Yes
CUST101448,66,286158,647,Contract,Graduate,Married,Pune,Affluent,Education,845445,84,4,0.495,Yes
CUST100624,40,504793,760,Self-Employed,Postgraduate,Married,Mumbai,Affluent,Auto,364624,72,6,0.315,Yes
CUST100346,33,631471,657,Business,Graduate,Single,Bengaluru,mass,Personal,623903,60,150,0.264,No
CUST101319,42,403428,769,Business,Postgraduate,Single,,Affluent,Personal,356947,60,2,9,Yes
CUST100263,35,725690,728,Self-Employed,Postgraduate,Married,Delhi,Premium,Education,334766,60,4,0.327,Yes
CUST100151,61,743097,647,Self-Employed,Postgraduate,Single,Jaipur,Premium,Business,609068,36,3,0.393,N
CUST100473,41,574660,711,Business,Graduate,Single,N/A,Mass,Home,86501,72,,0.359,Yes
CUST100641,52,542195,624,Contract,Graduate,Single,Hyderabad,Affluent,personal loan,939765,12,5,0.17,Yes
CUST100166,59,,677,Self-Employed,Graduate,Married,Chennai,Mass,Business,316551,48,6,0.45,Yes
CUST101445,27,869023,705,Contract,Graduate,Married,Kolkata,mass,Education,206761,120,5,0.323,No
CUST100551,58,1359287,775,Self-Employed,Graduate,Single,Chennai,SME,Education,974874,60,3,,No
CUST100929,40,596583,825,Self-Employed,12th,Married,,Mass,Home,184070,72,5,0.28,No
CUST100489,56,1943326,734,Salaried,Other,Married,,Affluent,Education,313603,72,7,0.087,Yes
CUST101473,42,402374,595,Business,Graduate,Single,Delhi,Premium,Business,556820,48,five,0.353,Yes
CUST101172,50,650000 INR,608,Business,12th,Single,MUMBAI,Mass,Auto,601430,60,5,0.437,Yes
CUST100147,22,341289,784,Self employed,Graduate,Single,Pune,SME,Business,1072620,84,2,0.225,Yes
CUST100403,36,453530,810,Self-Employed,Diploma,Married,Chennai,Mass,Home,499017,48,6,0.164,Yes
CUST100955,57,582781,763,Salaried,Postgraduate,Divorced,Pune,Mass,Education,157612,72,7,0.387,Yes
CUST101440,65,454828,715,,Postgraduate,Single,Pune,Affluent,Business,506857,36,7,unknown,approved
CUST100660,34,1318574,740,Business,Graduate,Married,Chennai,Affluent,Unknown,879062,12,3,0.163,No
CUST100464,40,880724,672,Self-Employed,12th,Divorced,Mumbai,Mass,Auto,327175,24,4,0.313,No
CUST100187,28,583337,733,Self-Employed,,Married,Delhi,Premium,Personal,136608,48,11,0.277,No
CUST101148,57,900242,697,Business,Postgraduate,Married,Delhi,Affluent,Education,203145,72,5,0.372,Yes
CUST101225,40,541708,784,Business,,Single,Bengaluru,Affluent,Home,,12,5,0.548,Yes
CUST100609,66,612497,612,Business,Diploma,Married,Kolkata,Mass,Auto,537978,120,3,0.597,No
CUST100144,40,676737,745,Salaried,GRADUATE,Married,Hyderabad,SME,Personal,820970,12,4,0.574,Yes
CUST100752,27,1115428,712,Business,Graduate,Married,Hyderabad,Mass,Home,256664,24,4,0.532,No
CUST100982,53,512930,787,Business,Graduate,Married,mumbai,Mass,Auto,,72,9,0.335,No
CUST100198,26,838061,676,Business,12th,Married,Kolkata,PREMIUM,Education,315520,12,8,unknown,Yes
CUST100884,28,328496,780,Salaried,Graduate,Married,Bengaluru,Affluent,Personal,436000,120,5,0.6,No
CUST100280,24,965237,791,Salaried,Graduate,Married,Chennai,Mass,Business,120000000,12,8,,Yes
CUST100294,36,293691,765,Business,Graduate,Married,Delhi,mass,Auto,847067,72,7,0.02,No
CUST101399,22,720697,737,Contract,Postgraduate,Married,Mumbai,Mass,Home,174474,120,7,0.18,Yes
CUST100401,67,806839,unknown,Contract,Graduate,Married,Mumbai,Mass,Home,562461,24,4,0.059,Yes
CUST100123,51,1508308,588,Salaried,12th,Married,Bengaluru,Affluent,Home Loan,290910,72,5,0.549,Yes
CUST101208,54,398898,748,Self-Employed,Postgraduate,Married,Pune,Mass,Auto,447077,84,0,0.387,0
CUST100203,44,688283,811,Business,12th,Single,Bengaluru,Premium,Auto,120837,36,10,0.311,Yes
CUST100836,57,480753,644,Salaried,Other,Single,Kolkata,Mass,Education,180468,24,8,0.117,Yes
CUST100247,,574887,688,Business,Postgraduate,Single,Pune,unknown,Education,164317,48,5,0.23,Yes
CUST101457,67,818822,650,Salaried,Postgraduate,Married,Delhi,Mass,Business,424263,72,1,0.421,No
CUST101443,64,1213821,688,Contract,12th,married,Kolkata,Mass,Personal,424641,60,4,0.234,Yes
CUST101154,63,366382,679,,Diploma,Married,Kolkata,Premium,auto,201056,36,,0.273,Yes
CUST100385,22,383849,788,Salaried,Graduate,Married,Mumbai,Mass,Home,485380,36,9,0.379,No
CUST101367,35,620940,652,Contract,Graduate,Married,Jaipur,Affluent,Business,827189,36,5,0.319,No
CUST100855,34,323515,794,Business,Diploma,Married,Mumbai,Premium,Business,531911,120,3,0.255,Yes
CUST100220,63,984996,707,Business,Postgraduate,Single,Kolkata,Premium,Auto,1380551,120,8,0.314,No
CUST100642,64,1009088,754,Self-Employed,Diploma,Married,Kolkata,Mass,Business,296645,72,9,0.422,Yes
CUST100002,57,1117022,667,Business,Graduate,Married,Chennai,Mass,Personal,234176,48,7,,Yes
CUST100113,47,,731,,Graduate,Married,Pune,Mass,Auto,232154,60,6,0.584,Yes
CUST100699,23,1035997,652,Self-Employed,12th,Single,hyderbad,Affluent,Home Loan,850593,84,1,0.273,No
CUST101466,26,655431,732,Self-Employed,Graduate,Married,Bengaluru,Affluent,Business,466321,84,7,0.4x,Yes
CUST100952,35,301843,758,Business,Diploma,Single,,Mass,Auto,412532,48,5,0.215,Yes
CUST101350,48,591635,768,Business,Postgraduate,Divorced,Bengaluru,Mass,Personal,348176,60,4,,Yes
CUST101292,61,1525412,629,Business,Graduate,Single,Chennai,Affluent,Education,300657,72,9,0.338,No
CUST101388,36,393183,806,Salaried,Graduate,Single,Hyd,Affluent,Home,305417,84,6,0.33,Yes
CUST100442,35,545994,672,Business,Graduate,Single,MUMBAI,Premium,Personal,1324107,72,9,0.645,Yes
CUST101137,55,599454,676,Salaried,12th,Married,Hyderabad,Mass,Business,310895,72,9,0.295,Yes
CUST101257,31,261975,582,Salaried,Diploma,Married,Hyd,Affluent,Auto,736910,72,9,0.33,Yes
CUST100664,30,600606,786,Business,Graduate,Single,Delhi,Premium,Home,982633,12,6,0.401,Yes
CUST101407,37,1874514,250,Contract,Graduate,Married,Mumbai,PREMIUM,Personal,539352,12,12,0.3,No
CUST101258,,25000000,701,Business,Postgraduate,Single,Jaipur,Affluent,Business,437921,12,4,1.2,Yes
CUST101431,43,630484,804,Contract,Graduate,Single,Chennai,Mass,Personal,565081,84,5,0.25,Yes
CUST100318,55,497324,614,Salaried,Postgraduate,Single,Hyderabad,Mass,Personal,613344,84,1,0.442,approved
CUST100649,66,1181898,719,Contract,Graduate,Married,Pune,Mass,Education,,120,4,0.524,Yes
CUST100710,42,929653,696,Self-Employed,Graduate,Married,Bengaluru,Affluent,Auto,255230,84,5,0.428,No
CUST101283,39,800548,754,Self-Employed,Graduate,Married,Pune,Mass,Home,219964,120,9,0.332,Yes
CUST100973,43,334835,720,Contract,12th,Married,Jaipur,Premium,Business,217660,120,4,,No
CUST100628,38,1.2L,677,Contract,Graduate,Single,Hyderabad,Premium,Personal,127137,24,7,0.353,Yes
CUST100633,41,349628,800,Self-Employed,Postgraduate,Single,Kolkata,SME,Personal,860242,84,5,0.153,Yes
CUST101307,32,852562,,Business,Diploma,Married,Delhi,Mass,Business,469958,120,9,0.277,No
CUST101249,36,528664,803,Contract,Diploma,Married,Jaipur,Mass,Business,N/A,36,5,0.177,Yes
CUST101497,46,653528,763,Salaried,Graduate,Single,Kolkata,Affluent,Auto,451000,60,1,0.123,No
CUST101255,51,341587,634,Business,Graduate,Single,Mumbai,Mass,Education,483070,24,6,0.435,No
CUST101355,31,667868,677,Self-Employed,Graduate,Married,Jaipur,Premium,Business,369474,24,9,0.454,Yes
CUST101475,66,706283,795,Salaried,Postgraduate,Single,Pune,Affluent,Education,1164405,72,5,0.526,Yes
CUST101418,41,975742,798,Self-Employed,Other,Married,Jaipur,Affluent,Personal,305775,12,6,0.269,No
CUST100796,34,₹720000,680,N/A,Postgraduate,Married,Kolkata,Affluent,Education,750476,36,6,0.283,Yes
CUST100646,36,778919,637,Contract,Graduate,Divorced,Jaipur,Mass,Home,479904,120,6,35%,Yes
CUST101013,32,586441,648,Contract,12th,Married,Delhi,Mass,Auto,710266,36,0,0.469,Yes
CUST100557,55,487404,749,Contract,12th,Single,Pune,Affluent,Auto,,72,5,0.439,No
CUST100682,27,₹720000,628,Business,Postgraduate,Married,Hyderabad,Mass,Personal,,72,5,0.229,Yes
CUST100578,45,473188,699,Self-Employed,12th,Married,Chennai,Affluent,Education,351252,84,6,0.397,1
CUST101110,23,583051,699,Business,Graduate,Married,Chennai,Mass,Auto,N/A,24,3,0.089,Yes
CUST101267,23,714938,760,Self-Employed,Graduate,Divorced,Bengaluru,Affluent,Personal,448737,24,5,0.226,Yes
CUST101184,42,,780,Salaried,Diploma,Married,,Mass,Business,431912,48,2,0.26,Yes
CUST100525,35,1073319,778,Contract,Postgraduate,Married,Delhi,Affluent,Home,752014,48,9,0.245,Yes
CUST101060,35,1311469,690,Salaried,Postgraduate,Married,Jaipur,Affluent,Education,191559,60,1,0.522,Yes
CUST100541,54,1050114,672,Self-Employed,Postgraduate,Single,Pune,Affluent,Auto,379898,60,3,0.332,Yes
CUST101195,45,1150923,646,Contract,Graduate,Married,Bengaluru,Affluent,Personal,120000000,120,3,0.483,Yes
CUST100749,35,327650,841,Contract,Postgraduate,Married,Hyderabad,PREMIUM,Home,432074,36,2,0.391,Yes
CUST101421,65,621036,619,Contract,Graduate,Single,Jaipur,Mass,Home,426763,60,11,0.724,No
CUST100485,42,475659,728,Salaried,Graduate,Single,Hyderabad,Premium,Personal,246119,24,8,0.255,No
CUST100096,34,754813,738,Business,Graduate,Single,Jaipur,Affluent,Personal,878641,72,3,0.421,Yes
CUST101021,23,539384,784,Contract,Diploma,Divorced,Pune,Mass,Personal,461647,12,1,0.197,Yes
CUST100564,5,952390,781,Salaried,Postgraduate,Married,Delhi,Affluent,Personal,322324,24,5,0.222,Yes
CUST101265,32,445726,769,Self-Employed,12th,Single,Pune,Affluent,Business,344548,48,2,0.256,Yes
CUST100743,50,431457,734,Contract,Graduate,Single,Bengaluru,Mass,Auto,1426235,60,6,0.339,Yes
CUST100864,57,463821,unknown,Business,Graduate,Married,Delhi,Mass,Home,466033,24,3,9,Yes
CUST100892,54,575842,790,Salaried,Postgraduate,Married,Chennai,Mass,Business,468090,72,5,0.352,Yes
CUST101039,41,396322,661,Self-Employed,Postgraduate,Single,Kolkata,Affluent,Education,1550762,84,4,0.337,No
CUST100207,56,599147,846,Salaried,Postgraduate,Married,Kolkata,SME,Home,888175,72,4,0.212,Yes
CUST100393,38,373864,678,Self-Employed,Diploma,Married,Mumbai,Mass,Auto,317403,36,,0.376,Yes
CUST100795,41,289877,776,Salaried,Diploma,Single,Mumbai,Affluent,Education,415916,120,4,0.255,No
CUST100871,42,334113,792,Salaried,12th,Married,Chennai,Affluent,Home,370970,72,8,0.247,Yes
CUST100398,30,546515,773,Salaried,Graduate,Married,Jaipur,PREMIUM,Personal,505968,24,5,,No
CUST100767,49,990728,728,Salaried,Graduate,Single,Jaipur,Affluent,Personal,911963,24,-5,0.264,No
CUST101411,105,681307,760,Contract,Graduate,Single,Kolkata,Mass,Home,237072,36,5,0.298,Yes
CUST101242,57,477965,627,Salaried,Postgraduate,Single,,Affluent,Education,294998,24,3,0.539,Yes
CUST101029,twenty five,,769,Contract,Other,Married,Bengaluru,Premium,Education,441581,24,4,0.334,Yes
CUST100643,61,282883,666,Business,Postgraduate,Married,Hyderabad,Mass,Education,1269111,120,2,0.409,Yes
CUST100613,57,990008,775,Business,Graduate,Married,Jaipur,Affluent,Auto,678550,72,8,0.318,Yes
CUST100961,,316287,654,Contract,Graduate,Single,,Premium,Personal,311981,72,6,0.193,Yes
CUST100726,26,747095,,Self-Employed,Other,Married,Pune,Mass,Personal,416237,24,3,0.317,Yes
CUST100684,66,513360,682,Self-Employed,Graduate,Married,mumbai,Premium,Auto,1309079,60,2,0.02,Yes
CUST100099,50,741081,854,Self-Employed,12th,Single,Delhi,Premium,Business,490862,12,4,0.277,Yes
CUST100805,55,530187,704,Business,Graduate,Married,Chennai,Mass,Personal,179433,12,6,0.393,No
CUST100407,41,1521141,799,Self-Employed,Graduate,Single,Kolkata,Affluent,Auto,573489,120,2,0.078,Yes
CUST100503,66,791749,607,Salaried,Graduate,Single,Chennai,Premium,Education,226805,60,2,0.283,Yes
CUST101072,30,650000 INR,732,Business,Graduate,Married,Chennai,Mass,Personal,184164,72,7,0.264,Yes
CUST101057,42,340531,775,Business,Postgraduate,Married,,Affluent,Education,207579,48,0,0.633,Yes
CUST100930,48,465814,,Self-Employed,12th,Married,Chennai,Mass,Business,468668,60,2,0.633,Yes
CUST100780,60,368655,694,Salaried,Diploma,Single,Jaipur,Mass,Personal,431389,84,6,0.516,No
CUST100201,38,558010,600,Self-Employed,Other,Single,Jaipur,Mass,Business,264830,48,3,0.209,Yes
CUST100135,58,742995,642,Business,Graduate,Single,Jaipur,Mass,Education,281062,12,6,0.3,Yes
CUST101052,38,672862,695,Salaried,Postgraduate,Single,Hyderabad,Affluent,Auto,172357,120,4,0.4x,No
CUST100041,28,1.2L,568,Salaried,Graduate,Married,Delhi,Mass,Auto,317522,120,6,0.364,No
CUST101018,44,593469,761,Business,N/A,Married,Bengaluru,Affluent,Business,720556,120,5,0.541,No
CUST100231,42,284209,682,Salaried,Diploma,Divorced,Kolkata,SME,Auto,629322,48,2,0.29,Yes
CUST100379,38,1037253,596,Business,Graduate,Married,Hyderabad,Mass,Personal,302244,60,5,0.4x,No
CUST100289,46,934462,771,Self-Employed,Graduate,Married,Bangalore,Premium,auto,215588,120,8,0.395,No
CUST100419,34,622878,756,Business,Graduate,Single,Kolkata,Premium,Business,59240,60,6,0.322,Yes
CUST100392,,570532,766,Contract,Postgraduate,Married,Jaipur,Mass,Home,937612,36,3,0.51,Yes
CUST100593,32,470087,689,Self-Employed,Graduate,Single,Jaipur,Mass,Business,263313,60,6,-0.2,No
CUST101163,60,522019,831,Contract,Graduate,Single,Pune,Mass,Education,385673,12,5,0.415,Yes
CUST101087,58,817253,745,Business,Graduate,Single,Kolkata,Mass,Auto,,72,3,0.242,Yes
CUST100648,46,1229933,810,Business,Graduate,Married,Chennai,Affluent,Business,81423,12,11,0.307,No
CUST101153,41,483572,623,Salaried,Postgraduate,Married,,SME,Business,217853,84,unknown,0.64,No
CUST101368,N/A,519228,728,Business,Postgraduate,Married,Hyderabad,Mass,Home,514679,12,4,0.392,Yes
CUST100521,37,1199816,720 points,Business,Graduate,Married,Chennai,SME,Home,340989,48,15,0.304,No
CUST100065,40,653581,743,Self-Employed,12th,Single,Chennai,Affluent,Auto,238556,120,7,0.419,Yes
CUST100015,54,742841,658,Business,12th,Single,Hyderabad,Affluent,Home,356591,120,6,0.173,No
CUST101181,49,498088,740,Self-Employed,Postgraduate,Married,Jaipur,Affluent,Auto,100,12,5,0.236,No
CUST101065,56,904243,669,Business,Graduate,Single,,Mass,Home,815507,48,3,0.288,Yes
CUST100493,56,594496,710,Self-Employed,Other,Single,Delhi,Mass,Business,197820,84,6,,Yes
CUST100380,33,1179815,N/A,Salaried,Graduate,Married,Mumbai,Premium,Home,717745,36,4,,No
CUST100188,38,352131,693,Salaried,Graduate,Single,Kolkata,Affluent,Home,623479,24,8,0.553,Yes
CUST100764,64,761542,731,,Graduate,MARRIED,Bengaluru,Mass,auto,2170814,72,2,0.247,Yes
CUST100217,24,374113,654,Salaried,Postgraduate,Single,Mumbai,Mass,Auto,234792,36,8,,Yes
CUST100792,42,,693,Salaried,Postgraduate,Single,Jaipur,Affluent,Auto,,24,5,0.281,No
CUST101077,54,555498,742,Self-Employed,Graduate,Married,Hyderabad,Premium,Business,340210,84,6,N/A,Yes
CUST100879,46,1386172,840,Self-Employed,Graduate,Married,Chennai,SME,Business,303948,12,2,,No
CUST100338,35,791821,767,Salaried,Diploma,Married,Pune,Mass,Personal,99546,48,6,0.114,Yes
CUST100720,49,1113180,668,Salaried,Postgraduate,Married,Jaipur,PREMIUM,Business,748201,72,7,0.463,Yes
CUST100296,45,,679,Salaried,12th,Married,Bengaluru,Mass,Education,593407,24,,0.341,Yes
CUST101017,39,337030,783,Self-Employed,12th,Married,Chennai,Affluent,Personal,293348,24,7,unknown,Yes
CUST101276,54,784571,712,Salaried,Graduate,Single,Jaipur,Mass,Auto,1110229,12,3,0.337,Yes
CUST100456,47,301531,738,Salaried,Graduate,Single,Pune,Mass,Business,695043,48,7,0.385,No
CUST100243,25,401757,705,Salaried,Diploma,Divorced,Bengaluru,Affluent,Home,246699,24,2,0.451,Yes
CUST100816,60,410119,745,Business,Graduate,Married,Bengaluru,Premium,Education,609866,12,4,0.354,Yes
CUST100270,48,515549,715,Salaried,Graduate,Married,Pune,Mass,auto,313431,120,6,0.361,No
CUST100996,50,690723,744,Salaried,Graduate,Single,Jaipur,Mass,Business,219675,84,6,0.426,Yes
CUST100202,63,428722,698,N/A,Graduate,Married,,SME,Education,162246,24,4,0.579,No
CUST100162,52,1024381,764,Contract,Postgraduate,Single,Jaipur,Affluent,Education,333076,120,6,0.418,Yes
CUST100730,51,488934,787,Business,Diploma,Married,Pune,Premium,Home,838675,84,7,0.388,No
CUST100402,57,650971,673,Salaried,postgraduate,M,Hyderabad,Mass,Business,658819,72,6,0.432,Yes
CUST100703,28,784014,636,Business,Graduate,Single,Hyderabad,Mass,Auto,404368,84,4,0.145,Yes
CUST101130,51,,658,Salaried,Graduate,Single,Bengaluru,Mass,Personal,237599,120,4,0.42,Yes
CUST100566,32,733030,721,Salaried,Postgraduate,Single,Chennai,Mass,Unknown,595792,12,7,0.614,No
CUST101414,58,759405,120,Salaried,,Single,Jaipur,PREMIUM,Auto,366567,120,4,0.291,Yes
CUST101022,24,1320970,,Contract,12th,Single,,Mass,Auto,391380,24,five,0.57,No
CUST101026,23,448155,736,Self-Employed,Graduate,Married,Jaipur,Mass,Auto,392941,72,5,-0.2,Yes
CUST101412,47,1996474,789,Contract,Postgraduate,Married,Kolkata,High Value,Personal,460487,72,4,0.157,Yes
CUST101105,105,426130,771,Business,Graduate,Married,Chennai,Mass,Business,261086,72,2,,Yes
CUST100206,33,1604257,785,Contract,12th,Single,Mumbai,Affluent,Business,,24,3,0.355,No
CUST100035,62,1531271,779,Business,Postgraduate,Single,Hyderabad,mass,Personal,327941,24,4,0.179,Yes
CUST100776,65,,667,Self-Employed,GRADUATE,Single,Mumbai,Mass,Personal,995167,72,3,0.6,Yes
CUST100509,33,850268,829,Business,N/A,Married,Kolkata,Mass,Personal,1647932,72,4,0.329,Yes
CUST101452,22,387506,748,Business,Diploma,Married,Pune,Mass,Home,293706,60,5,0.35,Yes
CUST100114,42,541674,713,Self-Employed,,Divorced,Pune,Mass,Business,273522,12,4,0.489,Yes
CUST101391,35,783986,755,Contract,Postgraduate,Single,Kolkata,Mass,Business,703032,12,7,0.306,Yes
CUST100092,58,492544,732,Self-Employed,Graduate,Married,,SME,Home,345428,84,5,0.223,Yes
CUST101364,30,701364,711,Self-Employed,Postgraduate,Single,,Mass,Business,463875,12,,0.421,Yes
CUST100898,23,277000,705,Salaried,12th,Married,Delhi,Mass,Home,546851,12,6,0.493,No
CUST100565,62,669143,739,Business,Graduate,Single,Chennai,Premium,Personal,1257561,24,4,0.374,No
CUST101370,50,813646,,Contract,graduate,Divorced,Jaipur,High Value,Auto,196960,48,4,0.261,Yes
CUST100777,40,758934,640,Contract,Graduate,Divorced,Bengaluru,Mass,auto,334300,84,3,0.494,No
CUST100242,48,unknown,634,Contract,12th,Single,Jaipur,Affluent,Personal,364035,48,2,0.23,Yes
CUST100014,56,594007,813,Salaried,Graduate,Married,Pune,Mass,auto,1050939,24,5,0.234,No
CUST100316,51,649566,780,Self-Employed,Diploma,Divorced,Chennai,Mass,Personal,207396,24,4,0.02,Yes
CUST100601,49,451208,619,Salaried,Postgraduate,Divorced,Chennai,Premium,Personal,650913,48,3,0.164,Yes
CUST100388,60,443885,703,Business,Postgraduate,Single,Kolkata,Premium,Education,297384,84,,,Yes
CUST101298,52,473441,711,Self-Employed,Graduate,Married,Chennai,Mass,Education,194102,24,2,0.324,Yes
CUST100167,36,1181508,615,Self employed,,Single,Hyderabad,Mass,Personal,,12,10,0.42,No
CUST100841,34,538503,788,Contract,Graduate,Single,Mumbai,Affluent,Education,582455,48,,0.35,Yes
CUST100021,44,1051329,,Salaried,Graduate,Single,Delhi,Affluent,Education,775673,24,1,0.563,No
CUST100647,42,378425,747,Business,Postgraduate,unknown,Bengaluru,SME,Business,470739,120,4,,Yes
CUST101155,35,389953,714,Salaried,Postgraduate,Married,Kolkata,Mass,Auto,119021,60,9,0.395,Yes
CUST100832,32,459109,657,Self-Employed,Postgraduate,Married,Mumbai,Mass,Education,318682,72,6,0.283,No
CUST101268,38,449757,731,Salaried,Graduate,Married,Delhi,Mass,Home,248420,72,6,0.496,Yes
CUST100563,42,247201,,Salaried,Postgraduate,Single,Chennai,Affluent,Education,N/A,24,4,0.355,Yes
CUST101496,41,,662,Self-Employed,12th,Single,Kolkata,Affluent,Education,693422,48,5,0.272,No
CUST100687,40,734954,786,Contract,Graduate,Single,Chennai,Mass,Personal,697017,84,4,0.302,Yes
CUST100958,50,774288,,Salaried,Graduate,Single,Kolkata,Mass,Personal,697241,72,4,0.323,No
CUST100190,35,387755,682,Contract,Postgraduate,Divorced,Bengaluru,Mass,Home,296730,24,8,0.023,Yes
CUST100976,31,791456,781,Contract,Postgraduate,Single,Jaipur,Affluent,Personal,1139635,24,2,0.321,No
CUST100700,,658802,772,Contract,Postgraduate,Married,Mumbai,Mass,Auto,257699,24,4,0.584,Yes
CUST100511,67,499290,N/A,Contract,Graduate,Married,Delhi,Premium,Business,712165,120,7,0.423,Yes
CUST101083,66,561632,773,,Postgraduate,Single,Chennai,Mass,Education,478103,60,6,0.423,N
CUST100475,50,,802,Contract,12th,Divorced,Kolkata,Mass,Personal,1488587,36,5,0.023,Yes
CUST100857,32,659245,,Business,,Married,Kolkata,Affluent,Education,368435,60,2,0.097,N
CUST100748,,338339,673,Business,Graduate,Married,Chennai,Premium,Business,223704,12,7,0.02,No
CUST100253,29,723479,735,Business,Postgraduate,Married,Mumbai,Premium,Personal,312825,48,7,0.545,No
CUST100022,38,1149498,665,Self-Employed,Postgraduate,Single,Delhi,Premium,Personal,492826,60,5,0.393,Yes
CUST101338,34,272618,740,Business,Graduate,Married,Bengaluru,Premium,Personal,200194,48,,0.564,0
CUST100460,25,794219,743,Self-Employed,Postgraduate,Married,Delhi,Premium,Business,1189542,36,4,,No
CUST101185,40,874929,621,Contract,Postgraduate,Single,Jaipur,SME,Education,417066,72,4,0.064,Yes
CUST100277,42,939218,707,Salaried,Diploma,Married,N/A,Mass,Personal,468129,60,3,0.556,Yes
CUST100956,49,299390,606,Contract,Postgraduate,Single,Hyderabad,Affluent,Personal,102010,120,6,0.34,No
CUST101216,26,1403890,,,Graduate,Single,Pune,Mass,Home,328004,72,6,0.05,approved
CUST100386,26,909886,659,Salaried,Postgraduate,Married,Kolkata,Mass,Auto,732859,60,6,0.153,Yes
CUST100806,57,1090983,716,Salaried,Graduate,Single,Jaipur,Affluent,Home,,48,6,0.237,Yes
CUST101438,51,440731,834,Business,Postgraduate,Married,Chennai,Premium,Auto,447924,12,2,0.09,No
CUST100344,45,80000000,819,Self-Employed,Postgraduate,Single,Mumbai,Mass,Personal,636933,12,6,0.384,Yes
CUST100770,,708229,801,Business,,Single,Chennai,Premium,Personal,341664,120,5,0.651,Yes
CUST101333,40,1133730,779,Salaried,Graduate,Single,Hyderabad,Mass,Education,617190,48,7,0.34,No
CUST100131,47,546368,755,Salaried,Postgraduate,Single,Pune,Premium,Home,194848,12,4,0.628,No
CUST100872,30,330361,674,Self-Employed,12th,Single,Hyderabad,Premium,Home,376579,24,8,0.159,Yes
CUST101124,32,316788,763,Salaried,12th,Single,Pune,PREMIUM,Auto,625903,48,5,0.318,No
CUST101397,50,669859,789,Self-Employed,Graduate,Married,Kolkata,Mass,Auto,354488,24,4,0.338,Yes
CUST100088,35,357721,716,Self-Employed,Graduate,Married,Jaipur,Mass,Home,162145,84,3,0.158,Yes
CUST101483,34,678956,669,Salaried,Postgraduate,Single,Bengaluru,Premium,Personal,745536,72,5,0.241,Yes
CUST100331,46,358142,611,Contract,Diploma,Single,Chennai,Mass,Business,500162,72,9,3.5,Yes
CUST101239,34,566522,701,Business,Postgraduate,Divorced,Delhi,Mass,Auto,393510,48,5,0.164,Yes
CUST100467,28,558468,606,Contract,Postgraduate,Single,Chennai,Premium,Business,393599,84,5,0.363,No
CUST100122,52,661195,703,Self-Employed,Graduate,Single,Delhi,SME,Education,pending,72,3,0.461,No
CUST101045,54,392316,685,Salaried,Graduate,Single,Delhi,Affluent,Personal,322954,12,5,0.089,Yes
CUST101096,24,520688,,Contract,Postgraduate,Divorced,Delhi,Affluent,Auto,894941,60,five,,Yes
CUST101131,40,477723,719,Self-Employed,Graduate,Single,Jaipur,mass,Home Loan,1106455,48,,0.569,No
CUST101295,65,1394481,0,Self-Employed,12th,Single,Jaipur,Mass,Personal,222828,120,8,0.344,Yes
CUST100861,66,,686,Contract,Other,Married,Delhi,Mass,Personal,50000000,36,9,0.084,Yes
CUST101460,45,543340,720,Business,Graduate,Married,Pune,Mass,Education,302389,72,9,0.089,No
CUST101127,61,,731,Salaried,Postgraduate,Single,Chennai,Affluent,Education,753995,12,5,0.259,No